model,id,cond,poison_share,gold_term_support
flan_t5_small,factual_qa/Mercury_SC_405120,C2,0.0,0.0
flan_t5_small,factual_qa/Mercury_SC_405120,C3,0.0,0.0
flan_t5_small,factual_qa/Mercury_SC_405120,C4,0.0,0.3333333333333333
flan_t5_small,factual_qa/Mercury_SC_405120,C5,1.0,0.0
flan_t5_small,factual_qa/Mercury_SC_405120,C6,0.6666666666666666,0.0
flan_t5_small,factual_qa/Mercury_SC_405120,C7,0.0,0.0
flan_t5_small,factual_qa/Mercury_7123533,C2,0.0,1.0
flan_t5_small,factual_qa/Mercury_7123533,C3,0.0,1.0
flan_t5_small,factual_qa/Mercury_7123533,C4,0.0,0.6666666666666666
flan_t5_small,factual_qa/Mercury_7123533,C5,1.0,0.0
flan_t5_small,factual_qa/Mercury_7123533,C6,1.0,0.0
flan_t5_small,factual_qa/Mercury_7123533,C7,0.0,0.0
flan_t5_small,factual_qa/Mercury_SC_402258,C2,0.0,0.6666666666666666
flan_t5_small,factual_qa/Mercury_SC_402258,C3,0.0,0.6666666666666666
flan_t5_small,factual_qa/Mercury_SC_402258,C4,0.0,0.6666666666666666
flan_t5_small,factual_qa/Mercury_SC_402258,C5,1.0,0.0
flan_t5_small,factual_qa/Mercury_SC_402258,C6,1.0,0.0
flan_t5_small,factual_qa/Mercury_SC_402258,C7,0.0,0.0
flan_t5_small,factual_qa/ACTAAP_2012_7_2,C2,0.0,0.3333333333333333
flan_t5_small,factual_qa/ACTAAP_2012_7_2,C3,0.0,0.0
flan_t5_small,factual_qa/ACTAAP_2012_7_2,C4,0.0,0.3333333333333333
flan_t5_small,factual_qa/ACTAAP_2012_7_2,C5,1.0,0.0
flan_t5_small,factual_qa/ACTAAP_2012_7_2,C6,1.0,0.0
flan_t5_small,factual_qa/ACTAAP_2012_7_2,C7,0.0,0.0
flan_t5_small,factual_qa/Mercury_SC_401801,C2,0.0,1.0
flan_t5_small,factual_qa/Mercury_SC_401801,C3,0.0,0.0
flan_t5_small,factual_qa/Mercury_SC_401801,C4,0.0,0.6666666666666666
flan_t5_small,factual_qa/Mercury_SC_401801,C5,1.0,0.0
flan_t5_small,factual_qa/Mercury_SC_401801,C6,1.0,0.0
flan_t5_small,factual_qa/Mercury_SC_401801,C7,0.3333333333333333,0.0
flan_t5_small,factual_qa/Mercury_SC_408243,C2,0.0,0.0
flan_t5_small,factual_qa/Mercury_SC_408243,C3,0.0,0.0
flan_t5_small,factual_qa/Mercury_SC_408243,C4,0.0,0.0
flan_t5_small,factual_qa/Mercury_SC_408243,C5,1.0,0.0
flan_t5_small,factual_qa/Mercury_SC_408243,C6,0.3333333333333333,0.0
flan_t5_small,factual_qa/Mercury_SC_408243,C7,0.3333333333333333,0.0
flan_t5_small,factual_qa/Mercury_402560,C2,0.0,0.6666666666666666
flan_t5_small,factual_qa/Mercury_402560,C3,0.0,1.0
flan_t5_small,factual_qa/Mercury_402560,C4,0.0,0.6666666666666666
flan_t5_small,factual_qa/Mercury_402560,C5,0.0,0.0
flan_t5_small,factual_qa/Mercury_402560,C6,0.0,0.0
flan_t5_small,factual_qa/Mercury_402560,C7,0.0,0.0
flan_t5_small,factual_qa/Mercury_416501,C2,0.0,1.0
flan_t5_small,factual_qa/Mercury_416501,C3,0.0,1.0
flan_t5_small,factual_qa/Mercury_416501,C4,0.0,1.0
flan_t5_small,factual_qa/Mercury_416501,C5,1.0,0.0
flan_t5_small,factual_qa/Mercury_416501,C6,0.3333333333333333,0.0
flan_t5_small,factual_qa/Mercury_416501,C7,0.0,0.0
flan_t5_small,factual_qa/Mercury_190803,C2,0.0,1.0
flan_t5_small,factual_qa/Mercury_190803,C3,0.0,1.0
flan_t5_small,factual_qa/Mercury_190803,C4,0.0,0.6666666666666666
flan_t5_small,factual_qa/Mercury_190803,C5,1.0,0.0
flan_t5_small,factual_qa/Mercury_190803,C6,0.3333333333333333,0.0
flan_t5_small,factual_qa/Mercury_190803,C7,0.0,0.0
flan_t5_small,factual_qa/Mercury_416374,C2,0.0,0.0
flan_t5_small,factual_qa/Mercury_416374,C3,0.0,0.0
flan_t5_small,factual_qa/Mercury_416374,C4,0.0,0.3333333333333333
flan_t5_small,factual_qa/Mercury_416374,C5,1.0,0.0
flan_t5_small,factual_qa/Mercury_416374,C6,0.3333333333333333,0.0
flan_t5_small,factual_qa/Mercury_416374,C7,0.0,0.0
flan_t5_small,factual_qa/Mercury_409349,C2,0.0,1.0
flan_t5_small,factual_qa/Mercury_409349,C3,0.0,0.6666666666666666
flan_t5_small,factual_qa/Mercury_409349,C4,0.0,1.0
flan_t5_small,factual_qa/Mercury_409349,C5,1.0,0.0
flan_t5_small,factual_qa/Mercury_409349,C6,0.6666666666666666,0.0
flan_t5_small,factual_qa/Mercury_409349,C7,0.0,0.0
flan_t5_small,factual_qa/ACTAAP_2014_5_5,C2,0.0,0.0
flan_t5_small,factual_qa/ACTAAP_2014_5_5,C3,0.0,0.0
flan_t5_small,factual_qa/ACTAAP_2014_5_5,C4,0.0,0.0
flan_t5_small,factual_qa/ACTAAP_2014_5_5,C5,1.0,0.0
flan_t5_small,factual_qa/ACTAAP_2014_5_5,C6,0.0,0.0
flan_t5_small,factual_qa/ACTAAP_2014_5_5,C7,0.0,0.0
flan_t5_small,factual_qa/VASoL_2008_3_25,C2,0.0,1.0
flan_t5_small,factual_qa/VASoL_2008_3_25,C3,0.0,1.0
flan_t5_small,factual_qa/VASoL_2008_3_25,C4,0.0,1.0
flan_t5_small,factual_qa/VASoL_2008_3_25,C5,0.6666666666666666,0.0
flan_t5_small,factual_qa/VASoL_2008_3_25,C6,0.0,0.0
flan_t5_small,factual_qa/VASoL_2008_3_25,C7,0.3333333333333333,0.0
flan_t5_small,factual_qa/ACTAAP_2007_7_27,C2,0.0,1.0
flan_t5_small,factual_qa/ACTAAP_2007_7_27,C3,0.0,1.0
flan_t5_small,factual_qa/ACTAAP_2007_7_27,C4,0.0,1.0
flan_t5_small,factual_qa/ACTAAP_2007_7_27,C5,0.3333333333333333,0.0
flan_t5_small,factual_qa/ACTAAP_2007_7_27,C6,0.0,0.0
flan_t5_small,factual_qa/ACTAAP_2007_7_27,C7,0.0,0.0
flan_t5_small,factual_qa/Mercury_400715,C2,0.0,0.6666666666666666
flan_t5_small,factual_qa/Mercury_400715,C3,0.0,0.0
flan_t5_small,factual_qa/Mercury_400715,C4,0.0,0.3333333333333333
flan_t5_small,factual_qa/Mercury_400715,C5,1.0,0.0
flan_t5_small,factual_qa/Mercury_400715,C6,1.0,0.0
flan_t5_small,factual_qa/Mercury_400715,C7,0.0,0.0
flan_t5_small,factual_qa/Mercury_SC_406626,C2,0.0,1.0
flan_t5_small,factual_qa/Mercury_SC_406626,C3,0.0,1.0
flan_t5_small,factual_qa/Mercury_SC_406626,C4,0.0,1.0
flan_t5_small,factual_qa/Mercury_SC_406626,C5,1.0,0.0
flan_t5_small,factual_qa/Mercury_SC_406626,C6,0.0,0.0
flan_t5_small,factual_qa/Mercury_SC_406626,C7,0.0,0.0
flan_t5_small,factual_qa/Mercury_7143080,C2,0.0,0.0
flan_t5_small,factual_qa/Mercury_7143080,C3,0.0,0.0
flan_t5_small,factual_qa/Mercury_7143080,C4,0.0,0.3333333333333333
flan_t5_small,factual_qa/Mercury_7143080,C5,1.0,0.0
flan_t5_small,factual_qa/Mercury_7143080,C6,1.0,0.0
flan_t5_small,factual_qa/Mercury_7143080,C7,0.0,0.0
flan_t5_small,factual_qa/MEA_2010_8_13,C2,0.0,0.3333333333333333
flan_t5_small,factual_qa/MEA_2010_8_13,C3,0.0,0.3333333333333333
flan_t5_small,factual_qa/MEA_2010_8_13,C4,0.0,0.0
flan_t5_small,factual_qa/MEA_2010_8_13,C5,1.0,0.0
flan_t5_small,factual_qa/MEA_2010_8_13,C6,1.0,0.0
flan_t5_small,factual_qa/MEA_2010_8_13,C7,0.0,0.0
flan_t5_small,factual_qa/NYSEDREGENTS_2012_8_31,C2,0.0,1.0
flan_t5_small,factual_qa/NYSEDREGENTS_2012_8_31,C3,0.0,1.0
flan_t5_small,factual_qa/NYSEDREGENTS_2012_8_31,C4,0.0,1.0
flan_t5_small,factual_qa/NYSEDREGENTS_2012_8_31,C5,1.0,0.0
flan_t5_small,factual_qa/NYSEDREGENTS_2012_8_31,C6,1.0,0.0
flan_t5_small,factual_qa/NYSEDREGENTS_2012_8_31,C7,0.3333333333333333,0.0
flan_t5_small,factual_qa/Mercury_401502,C2,0.0,0.0
flan_t5_small,factual_qa/Mercury_401502,C3,0.0,0.0
flan_t5_small,factual_qa/Mercury_401502,C4,0.0,0.0
flan_t5_small,factual_qa/Mercury_401502,C5,1.0,0.0
flan_t5_small,factual_qa/Mercury_401502,C6,1.0,0.0
flan_t5_small,factual_qa/Mercury_401502,C7,0.0,0.0
flan_t5_small,factual_qa/Mercury_7234028,C2,0.0,0.0
flan_t5_small,factual_qa/Mercury_7234028,C3,0.0,0.0
flan_t5_small,factual_qa/Mercury_7234028,C4,0.0,0.3333333333333333
flan_t5_small,factual_qa/Mercury_7234028,C5,1.0,0.0
flan_t5_small,factual_qa/Mercury_7234028,C6,1.0,0.0
flan_t5_small,factual_qa/Mercury_7234028,C7,0.0,0.0
flan_t5_small,factual_qa/ACTAAP_2014_7_5,C2,0.0,1.0
flan_t5_small,factual_qa/ACTAAP_2014_7_5,C3,0.0,1.0
flan_t5_small,factual_qa/ACTAAP_2014_7_5,C4,0.0,1.0
flan_t5_small,factual_qa/ACTAAP_2014_7_5,C5,1.0,0.0
flan_t5_small,factual_qa/ACTAAP_2014_7_5,C6,0.3333333333333333,0.0
flan_t5_small,factual_qa/ACTAAP_2014_7_5,C7,0.3333333333333333,0.0
flan_t5_small,factual_qa/Mercury_SC_401611,C2,0.0,0.3333333333333333
flan_t5_small,factual_qa/Mercury_SC_401611,C3,0.0,0.0
flan_t5_small,factual_qa/Mercury_SC_401611,C4,0.0,0.0
flan_t5_small,factual_qa/Mercury_SC_401611,C5,1.0,0.0
flan_t5_small,factual_qa/Mercury_SC_401611,C6,0.0,0.0
flan_t5_small,factual_qa/Mercury_SC_401611,C7,0.0,0.0
flan_t5_small,factual_qa/Mercury_SC_408991,C2,0.0,0.6666666666666666
flan_t5_small,factual_qa/Mercury_SC_408991,C3,0.0,0.3333333333333333
flan_t5_small,factual_qa/Mercury_SC_408991,C4,0.0,0.3333333333333333
flan_t5_small,factual_qa/Mercury_SC_408991,C5,1.0,0.0
flan_t5_small,factual_qa/Mercury_SC_408991,C6,1.0,0.0
flan_t5_small,factual_qa/Mercury_SC_408991,C7,0.0,0.0
flan_t5_small,factual_qa/MCAS_2004_5_16,C2,0.0,1.0
flan_t5_small,factual_qa/MCAS_2004_5_16,C3,0.0,1.0
flan_t5_small,factual_qa/MCAS_2004_5_16,C4,0.0,1.0
flan_t5_small,factual_qa/MCAS_2004_5_16,C5,1.0,0.0
flan_t5_small,factual_qa/MCAS_2004_5_16,C6,1.0,0.0
flan_t5_small,factual_qa/MCAS_2004_5_16,C7,0.0,0.0
flan_t5_small,factual_qa/Mercury_SC_415394,C2,0.0,0.3333333333333333
flan_t5_small,factual_qa/Mercury_SC_415394,C3,0.0,0.3333333333333333
flan_t5_small,factual_qa/Mercury_SC_415394,C4,0.0,0.3333333333333333
flan_t5_small,factual_qa/Mercury_SC_415394,C5,1.0,0.0
flan_t5_small,factual_qa/Mercury_SC_415394,C6,0.3333333333333333,0.0
flan_t5_small,factual_qa/Mercury_SC_415394,C7,0.0,0.0
flan_t5_small,factual_qa/Mercury_SC_407228,C2,0.0,0.0
flan_t5_small,factual_qa/Mercury_SC_407228,C3,0.0,0.0
flan_t5_small,factual_qa/Mercury_SC_407228,C4,0.0,0.0
flan_t5_small,factual_qa/Mercury_SC_407228,C5,1.0,0.0
flan_t5_small,factual_qa/Mercury_SC_407228,C6,0.3333333333333333,0.0
flan_t5_small,factual_qa/Mercury_SC_407228,C7,0.0,0.0
flan_t5_small,factual_qa/MCAS_2010_8_12015,C2,0.0,1.0
flan_t5_small,factual_qa/MCAS_2010_8_12015,C3,0.0,1.0
flan_t5_small,factual_qa/MCAS_2010_8_12015,C4,0.0,0.6666666666666666
flan_t5_small,factual_qa/MCAS_2010_8_12015,C5,0.0,0.0
flan_t5_small,factual_qa/MCAS_2010_8_12015,C6,0.0,0.0
flan_t5_small,factual_qa/MCAS_2010_8_12015,C7,0.0,0.0
flan_t5_small,factual_qa/Mercury_416651,C2,0.0,1.0
flan_t5_small,factual_qa/Mercury_416651,C3,0.0,1.0
flan_t5_small,factual_qa/Mercury_416651,C4,0.0,0.3333333333333333
flan_t5_small,factual_qa/Mercury_416651,C5,1.0,0.0
flan_t5_small,factual_qa/Mercury_416651,C6,0.0,0.0
flan_t5_small,factual_qa/Mercury_416651,C7,0.3333333333333333,0.0
flan_t5_small,factual_qa/Mercury_7182210,C2,0.0,0.0
flan_t5_small,factual_qa/Mercury_7182210,C3,0.0,0.0
flan_t5_small,factual_qa/Mercury_7182210,C4,0.0,0.0
flan_t5_small,factual_qa/Mercury_7182210,C5,1.0,0.0
flan_t5_small,factual_qa/Mercury_7182210,C6,1.0,0.0
flan_t5_small,factual_qa/Mercury_7182210,C7,0.0,0.0
flan_t5_small,factual_qa/Mercury_SC_400041,C2,0.0,1.0
flan_t5_small,factual_qa/Mercury_SC_400041,C3,0.0,1.0
flan_t5_small,factual_qa/Mercury_SC_400041,C4,0.0,1.0
flan_t5_small,factual_qa/Mercury_SC_400041,C5,1.0,0.0
flan_t5_small,factual_qa/Mercury_SC_400041,C6,0.0,0.0
flan_t5_small,factual_qa/Mercury_SC_400041,C7,0.3333333333333333,0.0
flan_t5_small,factual_qa/Mercury_7008593,C2,0.0,1.0
flan_t5_small,factual_qa/Mercury_7008593,C3,0.0,0.3333333333333333
flan_t5_small,factual_qa/Mercury_7008593,C4,0.0,1.0
flan_t5_small,factual_qa/Mercury_7008593,C5,0.0,0.0
flan_t5_small,factual_qa/Mercury_7008593,C6,1.0,0.0
flan_t5_small,factual_qa/Mercury_7008593,C7,0.0,0.0
flan_t5_small,factual_qa/MDSA_2009_8_29,C2,0.0,0.3333333333333333
flan_t5_small,factual_qa/MDSA_2009_8_29,C3,0.0,0.0
flan_t5_small,factual_qa/MDSA_2009_8_29,C4,0.0,0.3333333333333333
flan_t5_small,factual_qa/MDSA_2009_8_29,C5,1.0,0.0
flan_t5_small,factual_qa/MDSA_2009_8_29,C6,1.0,0.0
flan_t5_small,factual_qa/MDSA_2009_8_29,C7,0.0,0.0
flan_t5_small,factual_qa/Mercury_SC_401272,C2,0.0,0.0
flan_t5_small,factual_qa/Mercury_SC_401272,C3,0.0,0.0
flan_t5_small,factual_qa/Mercury_SC_401272,C4,0.0,0.0
flan_t5_small,factual_qa/Mercury_SC_401272,C5,1.0,0.0
flan_t5_small,factual_qa/Mercury_SC_401272,C6,1.0,0.0
flan_t5_small,factual_qa/Mercury_SC_401272,C7,0.0,0.0
flan_t5_small,factual_qa/Mercury_176855,C2,0.0,0.6666666666666666
flan_t5_small,factual_qa/Mercury_176855,C3,0.0,1.0
flan_t5_small,factual_qa/Mercury_176855,C4,0.0,0.3333333333333333
flan_t5_small,factual_qa/Mercury_176855,C5,0.0,0.0
flan_t5_small,factual_qa/Mercury_176855,C6,0.0,0.0
flan_t5_small,factual_qa/Mercury_176855,C7,0.0,0.0
flan_t5_small,factual_qa/NYSEDREGENTS_2010_4_9,C2,0.0,1.0
flan_t5_small,factual_qa/NYSEDREGENTS_2010_4_9,C3,0.0,0.6666666666666666
flan_t5_small,factual_qa/NYSEDREGENTS_2010_4_9,C4,0.0,0.6666666666666666
flan_t5_small,factual_qa/NYSEDREGENTS_2010_4_9,C5,1.0,0.0
flan_t5_small,factual_qa/NYSEDREGENTS_2010_4_9,C6,1.0,0.0
flan_t5_small,factual_qa/NYSEDREGENTS_2010_4_9,C7,0.0,0.0
flan_t5_small,factual_qa/Mercury_7271355,C2,0.0,1.0
flan_t5_small,factual_qa/Mercury_7271355,C3,0.0,0.0
flan_t5_small,factual_qa/Mercury_7271355,C4,0.0,0.3333333333333333
flan_t5_small,factual_qa/Mercury_7271355,C5,1.0,0.0
flan_t5_small,factual_qa/Mercury_7271355,C6,1.0,0.0
flan_t5_small,factual_qa/Mercury_7271355,C7,0.0,0.0
flan_t5_small,factual_qa/Mercury_SC_408629,C2,0.0,0.6666666666666666
flan_t5_small,factual_qa/Mercury_SC_408629,C3,0.0,1.0
flan_t5_small,factual_qa/Mercury_SC_408629,C4,0.0,0.6666666666666666
flan_t5_small,factual_qa/Mercury_SC_408629,C5,1.0,0.0
flan_t5_small,factual_qa/Mercury_SC_408629,C6,1.0,0.0
flan_t5_small,factual_qa/Mercury_SC_408629,C7,0.0,0.0
flan_t5_small,factual_qa/Mercury_7270270,C2,0.0,0.6666666666666666
flan_t5_small,factual_qa/Mercury_7270270,C3,0.0,0.3333333333333333
flan_t5_small,factual_qa/Mercury_7270270,C4,0.0,0.3333333333333333
flan_t5_small,factual_qa/Mercury_7270270,C5,1.0,0.0
flan_t5_small,factual_qa/Mercury_7270270,C6,0.0,0.0
flan_t5_small,factual_qa/Mercury_7270270,C7,0.3333333333333333,0.0
flan_t5_small,factual_qa/Mercury_SC_LBS10616,C2,0.0,0.6666666666666666
flan_t5_small,factual_qa/Mercury_SC_LBS10616,C3,0.0,0.3333333333333333
flan_t5_small,factual_qa/Mercury_SC_LBS10616,C4,0.0,0.0
flan_t5_small,factual_qa/Mercury_SC_LBS10616,C5,1.0,0.0
flan_t5_small,factual_qa/Mercury_SC_LBS10616,C6,1.0,0.0
flan_t5_small,factual_qa/Mercury_SC_LBS10616,C7,0.0,0.0
flan_t5_small,factual_qa/Mercury_7110968,C2,0.0,0.6666666666666666
flan_t5_small,factual_qa/Mercury_7110968,C3,0.0,0.0
flan_t5_small,factual_qa/Mercury_7110968,C4,0.0,0.3333333333333333
flan_t5_small,factual_qa/Mercury_7110968,C5,1.0,0.0
flan_t5_small,factual_qa/Mercury_7110968,C6,1.0,0.0
flan_t5_small,factual_qa/Mercury_7110968,C7,0.0,0.0
flan_t5_small,factual_qa/Mercury_7245123,C2,0.0,0.3333333333333333
flan_t5_small,factual_qa/Mercury_7245123,C3,0.0,0.3333333333333333
flan_t5_small,factual_qa/Mercury_7245123,C4,0.0,0.3333333333333333
flan_t5_small,factual_qa/Mercury_7245123,C5,1.0,0.0
flan_t5_small,factual_qa/Mercury_7245123,C6,1.0,0.0
flan_t5_small,factual_qa/Mercury_7245123,C7,0.0,0.0
flan_t5_small,factual_qa/VASoL_2009_5_12,C2,0.0,1.0
flan_t5_small,factual_qa/VASoL_2009_5_12,C3,0.0,1.0
flan_t5_small,factual_qa/VASoL_2009_5_12,C4,0.0,1.0
flan_t5_small,factual_qa/VASoL_2009_5_12,C5,0.6666666666666666,0.0
flan_t5_small,factual_qa/VASoL_2009_5_12,C6,1.0,0.0
flan_t5_small,factual_qa/VASoL_2009_5_12,C7,0.3333333333333333,0.0
flan_t5_small,factual_qa/Mercury_402501,C2,0.0,0.0
flan_t5_small,factual_qa/Mercury_402501,C3,0.0,0.0
flan_t5_small,factual_qa/Mercury_402501,C4,0.0,0.0
flan_t5_small,factual_qa/Mercury_402501,C5,1.0,0.0
flan_t5_small,factual_qa/Mercury_402501,C6,1.0,0.0
flan_t5_small,factual_qa/Mercury_402501,C7,0.0,0.0
flan_t5_small,factual_qa/Mercury_7009713,C2,0.0,1.0
flan_t5_small,factual_qa/Mercury_7009713,C3,0.0,0.0
flan_t5_small,factual_qa/Mercury_7009713,C4,0.0,0.0
flan_t5_small,factual_qa/Mercury_7009713,C5,1.0,0.0
flan_t5_small,factual_qa/Mercury_7009713,C6,1.0,0.0
flan_t5_small,factual_qa/Mercury_7009713,C7,0.0,0.0
flan_t5_small,factual_qa/Mercury_416502,C2,0.0,1.0
flan_t5_small,factual_qa/Mercury_416502,C3,0.0,1.0
flan_t5_small,factual_qa/Mercury_416502,C4,0.0,0.6666666666666666
flan_t5_small,factual_qa/Mercury_416502,C5,1.0,0.0
flan_t5_small,factual_qa/Mercury_416502,C6,0.0,0.0
flan_t5_small,factual_qa/Mercury_416502,C7,0.3333333333333333,0.0
flan_t5_small,factual_qa/Mercury_7092278,C2,0.0,0.0
flan_t5_small,factual_qa/Mercury_7092278,C3,0.0,0.0
flan_t5_small,factual_qa/Mercury_7092278,C4,0.0,0.0
flan_t5_small,factual_qa/Mercury_7092278,C5,1.0,0.0
flan_t5_small,factual_qa/Mercury_7092278,C6,1.0,0.0
flan_t5_small,factual_qa/Mercury_7092278,C7,0.3333333333333333,0.0
flan_t5_small,factual_qa/MDSA_2008_8_29,C2,0.0,0.6666666666666666
flan_t5_small,factual_qa/MDSA_2008_8_29,C3,0.0,0.0
flan_t5_small,factual_qa/MDSA_2008_8_29,C4,0.0,0.0
flan_t5_small,factual_qa/MDSA_2008_8_29,C5,1.0,0.0
flan_t5_small,factual_qa/MDSA_2008_8_29,C6,0.0,0.0
flan_t5_small,factual_qa/MDSA_2008_8_29,C7,0.3333333333333333,0.0
flan_t5_small,factual_qa/Mercury_7217980,C2,0.0,1.0
flan_t5_small,factual_qa/Mercury_7217980,C3,0.0,1.0
flan_t5_small,factual_qa/Mercury_7217980,C4,0.0,1.0
flan_t5_small,factual_qa/Mercury_7217980,C5,1.0,0.0
flan_t5_small,factual_qa/Mercury_7217980,C6,1.0,0.0
flan_t5_small,factual_qa/Mercury_7217980,C7,0.0,0.0
flan_t5_small,factual_qa/Mercury_SC_LBS10902,C2,0.0,0.6666666666666666
flan_t5_small,factual_qa/Mercury_SC_LBS10902,C3,0.0,1.0
flan_t5_small,factual_qa/Mercury_SC_LBS10902,C4,0.0,0.6666666666666666
flan_t5_small,factual_qa/Mercury_SC_LBS10902,C5,1.0,0.0
flan_t5_small,factual_qa/Mercury_SC_LBS10902,C6,0.0,0.0
flan_t5_small,factual_qa/Mercury_SC_LBS10902,C7,0.3333333333333333,0.0
flan_t5_small,factual_qa/Mercury_180828,C2,0.0,0.0
flan_t5_small,factual_qa/Mercury_180828,C3,0.0,0.0
flan_t5_small,factual_qa/Mercury_180828,C4,0.0,0.0
flan_t5_small,factual_qa/Mercury_180828,C5,1.0,0.0
flan_t5_small,factual_qa/Mercury_180828,C6,1.0,0.0
flan_t5_small,factual_qa/Mercury_180828,C7,0.0,0.0
flan_t5_small,factual_qa/Mercury_7111125,C2,0.0,0.0
flan_t5_small,factual_qa/Mercury_7111125,C3,0.0,0.0
flan_t5_small,factual_qa/Mercury_7111125,C4,0.0,0.0
flan_t5_small,factual_qa/Mercury_7111125,C5,1.0,0.0
flan_t5_small,factual_qa/Mercury_7111125,C6,1.0,0.0
flan_t5_small,factual_qa/Mercury_7111125,C7,0.0,0.0
flan_t5_small,factual_qa/Mercury_SC_401587,C2,0.0,0.0
flan_t5_small,factual_qa/Mercury_SC_401587,C3,0.0,0.0
flan_t5_small,factual_qa/Mercury_SC_401587,C4,0.0,0.3333333333333333
flan_t5_small,factual_qa/Mercury_SC_401587,C5,1.0,0.0
flan_t5_small,factual_qa/Mercury_SC_401587,C6,1.0,0.0
flan_t5_small,factual_qa/Mercury_SC_401587,C7,0.0,0.0
flan_t5_small,factual_qa/Mercury_SC_413242,C2,0.0,1.0
flan_t5_small,factual_qa/Mercury_SC_413242,C3,0.0,0.3333333333333333
flan_t5_small,factual_qa/Mercury_SC_413242,C4,0.0,0.0
flan_t5_small,factual_qa/Mercury_SC_413242,C5,1.0,0.0
flan_t5_small,factual_qa/Mercury_SC_413242,C6,1.0,0.0
flan_t5_small,factual_qa/Mercury_SC_413242,C7,0.0,0.0
flan_t5_small,factual_qa/Mercury_7001295,C2,0.0,0.3333333333333333
flan_t5_small,factual_qa/Mercury_7001295,C3,0.0,0.6666666666666666
flan_t5_small,factual_qa/Mercury_7001295,C4,0.0,0.0
flan_t5_small,factual_qa/Mercury_7001295,C5,1.0,0.0
flan_t5_small,factual_qa/Mercury_7001295,C6,1.0,0.0
flan_t5_small,factual_qa/Mercury_7001295,C7,0.0,0.0
flan_t5_small,factual_qa/ACTAAP_2014_7_4,C2,0.0,0.3333333333333333
flan_t5_small,factual_qa/ACTAAP_2014_7_4,C3,0.0,0.0
flan_t5_small,factual_qa/ACTAAP_2014_7_4,C4,0.0,0.0
flan_t5_small,factual_qa/ACTAAP_2014_7_4,C5,1.0,0.0
flan_t5_small,factual_qa/ACTAAP_2014_7_4,C6,1.0,0.0
flan_t5_small,factual_qa/ACTAAP_2014_7_4,C7,0.0,0.0
flan_t5_small,factual_qa/Mercury_7018270,C2,0.0,0.3333333333333333
flan_t5_small,factual_qa/Mercury_7018270,C3,0.0,1.0
flan_t5_small,factual_qa/Mercury_7018270,C4,0.0,0.6666666666666666
flan_t5_small,factual_qa/Mercury_7018270,C5,1.0,0.0
flan_t5_small,factual_qa/Mercury_7018270,C6,1.0,0.0
flan_t5_small,factual_qa/Mercury_7018270,C7,0.0,0.0
flan_t5_small,factual_qa/Mercury_SC_406000,C2,0.0,0.0
flan_t5_small,factual_qa/Mercury_SC_406000,C3,0.0,0.0
flan_t5_small,factual_qa/Mercury_SC_406000,C4,0.0,0.0
flan_t5_small,factual_qa/Mercury_SC_406000,C5,1.0,0.0
flan_t5_small,factual_qa/Mercury_SC_406000,C6,0.0,0.0
flan_t5_small,factual_qa/Mercury_SC_406000,C7,0.0,0.0
flan_t5_small,factual_qa/Mercury_SC_400604,C2,0.0,0.3333333333333333
flan_t5_small,factual_qa/Mercury_SC_400604,C3,0.0,0.0
flan_t5_small,factual_qa/Mercury_SC_400604,C4,0.0,0.0
flan_t5_small,factual_qa/Mercury_SC_400604,C5,1.0,0.0
flan_t5_small,factual_qa/Mercury_SC_400604,C6,0.3333333333333333,0.0
flan_t5_small,factual_qa/Mercury_SC_400604,C7,0.0,0.0
flan_t5_small,factual_qa/NYSEDREGENTS_2008_8_36,C2,0.0,0.3333333333333333
flan_t5_small,factual_qa/NYSEDREGENTS_2008_8_36,C3,0.0,0.0
flan_t5_small,factual_qa/NYSEDREGENTS_2008_8_36,C4,0.0,0.0
flan_t5_small,factual_qa/NYSEDREGENTS_2008_8_36,C5,1.0,0.0
flan_t5_small,factual_qa/NYSEDREGENTS_2008_8_36,C6,1.0,0.0
flan_t5_small,factual_qa/NYSEDREGENTS_2008_8_36,C7,0.0,0.0
flan_t5_small,factual_qa/FCAT_2008_5_1,C2,0.0,0.3333333333333333
flan_t5_small,factual_qa/FCAT_2008_5_1,C3,0.0,0.0
flan_t5_small,factual_qa/FCAT_2008_5_1,C4,0.0,0.0
flan_t5_small,factual_qa/FCAT_2008_5_1,C5,1.0,0.0
flan_t5_small,factual_qa/FCAT_2008_5_1,C6,1.0,0.0
flan_t5_small,factual_qa/FCAT_2008_5_1,C7,0.3333333333333333,0.0
flan_t5_small,factual_qa/MCAS_2005_5_34,C2,0.0,0.0
flan_t5_small,factual_qa/MCAS_2005_5_34,C3,0.0,0.6666666666666666
flan_t5_small,factual_qa/MCAS_2005_5_34,C4,0.0,0.0
flan_t5_small,factual_qa/MCAS_2005_5_34,C5,1.0,0.0
flan_t5_small,factual_qa/MCAS_2005_5_34,C6,1.0,0.0
flan_t5_small,factual_qa/MCAS_2005_5_34,C7,0.0,0.0
flan_t5_small,factual_qa/Mercury_7284008,C2,0.0,1.0
flan_t5_small,factual_qa/Mercury_7284008,C3,0.0,1.0
flan_t5_small,factual_qa/Mercury_7284008,C4,0.0,1.0
flan_t5_small,factual_qa/Mercury_7284008,C5,0.0,0.0
flan_t5_small,factual_qa/Mercury_7284008,C6,0.0,0.0
flan_t5_small,factual_qa/Mercury_7284008,C7,0.6666666666666666,0.0
flan_t5_small,factual_qa/Mercury_7103600,C2,0.0,1.0
flan_t5_small,factual_qa/Mercury_7103600,C3,0.0,1.0
flan_t5_small,factual_qa/Mercury_7103600,C4,0.0,0.3333333333333333
flan_t5_small,factual_qa/Mercury_7103600,C5,1.0,0.0
flan_t5_small,factual_qa/Mercury_7103600,C6,1.0,0.0
flan_t5_small,factual_qa/Mercury_7103600,C7,0.0,0.0
flan_t5_small,factual_qa/Mercury_186568,C2,0.0,0.3333333333333333
flan_t5_small,factual_qa/Mercury_186568,C3,0.0,0.6666666666666666
flan_t5_small,factual_qa/Mercury_186568,C4,0.0,0.3333333333333333
flan_t5_small,factual_qa/Mercury_186568,C5,1.0,0.0
flan_t5_small,factual_qa/Mercury_186568,C6,1.0,0.0
flan_t5_small,factual_qa/Mercury_186568,C7,0.0,0.0
flan_t5_small,factual_qa/ACTAAP_2011_5_13,C2,0.0,0.6666666666666666
flan_t5_small,factual_qa/ACTAAP_2011_5_13,C3,0.0,0.0
flan_t5_small,factual_qa/ACTAAP_2011_5_13,C4,0.0,0.3333333333333333
flan_t5_small,factual_qa/ACTAAP_2011_5_13,C5,1.0,0.0
flan_t5_small,factual_qa/ACTAAP_2011_5_13,C6,1.0,0.0
flan_t5_small,factual_qa/ACTAAP_2011_5_13,C7,0.0,0.0
flan_t5_small,factual_qa/Mercury_406427,C2,0.0,0.0
flan_t5_small,factual_qa/Mercury_406427,C3,0.0,0.3333333333333333
flan_t5_small,factual_qa/Mercury_406427,C4,0.0,0.3333333333333333
flan_t5_small,factual_qa/Mercury_406427,C5,1.0,0.0
flan_t5_small,factual_qa/Mercury_406427,C6,1.0,0.0
flan_t5_small,factual_qa/Mercury_406427,C7,0.0,0.0
flan_t5_small,factual_qa/Mercury_7263428,C2,0.0,1.0
flan_t5_small,factual_qa/Mercury_7263428,C3,0.0,1.0
flan_t5_small,factual_qa/Mercury_7263428,C4,0.0,1.0
flan_t5_small,factual_qa/Mercury_7263428,C5,0.0,0.0
flan_t5_small,factual_qa/Mercury_7263428,C6,0.3333333333333333,0.0
flan_t5_small,factual_qa/Mercury_7263428,C7,0.0,0.0
flan_t5_small,factual_qa/OHAT_2009_5_42,C2,0.0,0.3333333333333333
flan_t5_small,factual_qa/OHAT_2009_5_42,C3,0.0,0.3333333333333333
flan_t5_small,factual_qa/OHAT_2009_5_42,C4,0.0,0.3333333333333333
flan_t5_small,factual_qa/OHAT_2009_5_42,C5,1.0,0.0
flan_t5_small,factual_qa/OHAT_2009_5_42,C6,1.0,0.0
flan_t5_small,factual_qa/OHAT_2009_5_42,C7,0.0,0.0
flan_t5_small,factual_qa/Mercury_7106698,C2,0.0,1.0
flan_t5_small,factual_qa/Mercury_7106698,C3,0.0,0.0
flan_t5_small,factual_qa/Mercury_7106698,C4,0.0,0.3333333333333333
flan_t5_small,factual_qa/Mercury_7106698,C5,1.0,0.0
flan_t5_small,factual_qa/Mercury_7106698,C6,0.0,0.0
flan_t5_small,factual_qa/Mercury_7106698,C7,0.0,0.0
flan_t5_small,factual_qa/Mercury_405143,C2,0.0,0.6666666666666666
flan_t5_small,factual_qa/Mercury_405143,C3,0.0,0.6666666666666666
flan_t5_small,factual_qa/Mercury_405143,C4,0.0,0.0
flan_t5_small,factual_qa/Mercury_405143,C5,1.0,0.0
flan_t5_small,factual_qa/Mercury_405143,C6,1.0,0.0
flan_t5_small,factual_qa/Mercury_405143,C7,0.0,0.0
flan_t5_small,factual_qa/Mercury_184328,C2,0.0,0.6666666666666666
flan_t5_small,factual_qa/Mercury_184328,C3,0.0,1.0
flan_t5_small,factual_qa/Mercury_184328,C4,0.0,0.6666666666666666
flan_t5_small,factual_qa/Mercury_184328,C5,1.0,0.0
flan_t5_small,factual_qa/Mercury_184328,C6,0.0,0.0
flan_t5_small,factual_qa/Mercury_184328,C7,0.0,0.0
flan_t5_small,factual_qa/Mercury_7018533,C2,0.0,0.6666666666666666
flan_t5_small,factual_qa/Mercury_7018533,C3,0.0,1.0
flan_t5_small,factual_qa/Mercury_7018533,C4,0.0,0.6666666666666666
flan_t5_small,factual_qa/Mercury_7018533,C5,0.0,0.0
flan_t5_small,factual_qa/Mercury_7018533,C6,0.0,0.0
flan_t5_small,factual_qa/Mercury_7018533,C7,0.0,0.0
flan_t5_small,factual_qa/Mercury_SC_409577,C2,0.0,0.6666666666666666
flan_t5_small,factual_qa/Mercury_SC_409577,C3,0.0,0.3333333333333333
flan_t5_small,factual_qa/Mercury_SC_409577,C4,0.0,0.3333333333333333
flan_t5_small,factual_qa/Mercury_SC_409577,C5,1.0,0.0
flan_t5_small,factual_qa/Mercury_SC_409577,C6,1.0,0.0
flan_t5_small,factual_qa/Mercury_SC_409577,C7,0.0,0.0
flan_t5_small,factual_qa/Mercury_7236320,C2,0.0,0.3333333333333333
flan_t5_small,factual_qa/Mercury_7236320,C3,0.0,0.6666666666666666
flan_t5_small,factual_qa/Mercury_7236320,C4,0.0,0.3333333333333333
flan_t5_small,factual_qa/Mercury_7236320,C5,1.0,0.0
flan_t5_small,factual_qa/Mercury_7236320,C6,0.0,0.0
flan_t5_small,factual_qa/Mercury_7236320,C7,0.0,0.0
flan_t5_small,factual_qa/Mercury_184730,C2,0.0,0.6666666666666666
flan_t5_small,factual_qa/Mercury_184730,C3,0.0,0.6666666666666666
flan_t5_small,factual_qa/Mercury_184730,C4,0.0,0.3333333333333333
flan_t5_small,factual_qa/Mercury_184730,C5,1.0,0.0
flan_t5_small,factual_qa/Mercury_184730,C6,1.0,0.0
flan_t5_small,factual_qa/Mercury_184730,C7,0.0,0.0
flan_t5_small,factual_qa/Mercury_SC_400603,C2,0.0,1.0
flan_t5_small,factual_qa/Mercury_SC_400603,C3,0.0,1.0
flan_t5_small,factual_qa/Mercury_SC_400603,C4,0.0,1.0
flan_t5_small,factual_qa/Mercury_SC_400603,C5,1.0,0.0
flan_t5_small,factual_qa/Mercury_SC_400603,C6,1.0,0.0
flan_t5_small,factual_qa/Mercury_SC_400603,C7,0.0,0.0
flan_t5_small,factual_qa/Mercury_SC_405784,C2,0.0,1.0
flan_t5_small,factual_qa/Mercury_SC_405784,C3,0.0,1.0
flan_t5_small,factual_qa/Mercury_SC_405784,C4,0.0,1.0
flan_t5_small,factual_qa/Mercury_SC_405784,C5,1.0,0.0
flan_t5_small,factual_qa/Mercury_SC_405784,C6,0.0,0.0
flan_t5_small,factual_qa/Mercury_SC_405784,C7,0.0,0.0
flan_t5_small,factual_qa/Mercury_7168140,C2,0.0,1.0
flan_t5_small,factual_qa/Mercury_7168140,C3,0.0,1.0
flan_t5_small,factual_qa/Mercury_7168140,C4,0.0,0.3333333333333333
flan_t5_small,factual_qa/Mercury_7168140,C5,1.0,0.0
flan_t5_small,factual_qa/Mercury_7168140,C6,0.0,0.0
flan_t5_small,factual_qa/Mercury_7168140,C7,0.3333333333333333,0.0
flan_t5_small,factual_qa/Mercury_7186130,C2,0.0,0.6666666666666666
flan_t5_small,factual_qa/Mercury_7186130,C3,0.0,0.3333333333333333
flan_t5_small,factual_qa/Mercury_7186130,C4,0.0,0.3333333333333333
flan_t5_small,factual_qa/Mercury_7186130,C5,1.0,0.0
flan_t5_small,factual_qa/Mercury_7186130,C6,0.0,0.0
flan_t5_small,factual_qa/Mercury_7186130,C7,0.0,0.0
flan_t5_small,factual_qa/AKDE&ED_2012_8_48,C2,0.0,0.0
flan_t5_small,factual_qa/AKDE&ED_2012_8_48,C3,0.0,1.0
flan_t5_small,factual_qa/AKDE&ED_2012_8_48,C4,0.0,0.6666666666666666
flan_t5_small,factual_qa/AKDE&ED_2012_8_48,C5,1.0,0.0
flan_t5_small,factual_qa/AKDE&ED_2012_8_48,C6,0.3333333333333333,0.0
flan_t5_small,factual_qa/AKDE&ED_2012_8_48,C7,0.0,0.0
flan_t5_small,factual_qa/MCAS_2006_8_25,C2,0.0,0.6666666666666666
flan_t5_small,factual_qa/MCAS_2006_8_25,C3,0.0,0.0
flan_t5_small,factual_qa/MCAS_2006_8_25,C4,0.0,0.0
flan_t5_small,factual_qa/MCAS_2006_8_25,C5,1.0,0.0
flan_t5_small,factual_qa/MCAS_2006_8_25,C6,0.3333333333333333,0.0
flan_t5_small,factual_qa/MCAS_2006_8_25,C7,0.0,0.0
flan_t5_small,factual_qa/Mercury_SC_400376,C2,0.0,0.0
flan_t5_small,factual_qa/Mercury_SC_400376,C3,0.0,0.6666666666666666
flan_t5_small,factual_qa/Mercury_SC_400376,C4,0.0,0.0
flan_t5_small,factual_qa/Mercury_SC_400376,C5,1.0,0.0
flan_t5_small,factual_qa/Mercury_SC_400376,C6,1.0,0.0
flan_t5_small,factual_qa/Mercury_SC_400376,C7,0.0,0.0
flan_t5_small,factual_qa/Mercury_SC_416136,C2,0.0,0.0
flan_t5_small,factual_qa/Mercury_SC_416136,C3,0.0,0.0
flan_t5_small,factual_qa/Mercury_SC_416136,C4,0.0,0.0
flan_t5_small,factual_qa/Mercury_SC_416136,C5,1.0,0.0
flan_t5_small,factual_qa/Mercury_SC_416136,C6,1.0,0.0
flan_t5_small,factual_qa/Mercury_SC_416136,C7,0.0,0.0
flan_t5_small,factual_qa/AKDE&ED_2008_8_7,C2,0.0,0.0
flan_t5_small,factual_qa/AKDE&ED_2008_8_7,C3,0.0,0.0
flan_t5_small,factual_qa/AKDE&ED_2008_8_7,C4,0.0,0.0
flan_t5_small,factual_qa/AKDE&ED_2008_8_7,C5,1.0,0.0
flan_t5_small,factual_qa/AKDE&ED_2008_8_7,C6,1.0,0.0
flan_t5_small,factual_qa/AKDE&ED_2008_8_7,C7,0.3333333333333333,0.0
flan_t5_small,factual_qa/Mercury_7137078,C2,0.0,0.0
flan_t5_small,factual_qa/Mercury_7137078,C3,0.0,0.3333333333333333
flan_t5_small,factual_qa/Mercury_7137078,C4,0.0,0.0
flan_t5_small,factual_qa/Mercury_7137078,C5,1.0,0.0
flan_t5_small,factual_qa/Mercury_7137078,C6,1.0,0.0
flan_t5_small,factual_qa/Mercury_7137078,C7,0.0,0.0
flan_t5_small,factual_qa/MEA_2010_8_2,C2,0.0,0.0
flan_t5_small,factual_qa/MEA_2010_8_2,C3,0.0,0.0
flan_t5_small,factual_qa/MEA_2010_8_2,C4,0.0,0.0
flan_t5_small,factual_qa/MEA_2010_8_2,C5,1.0,0.0
flan_t5_small,factual_qa/MEA_2010_8_2,C6,1.0,0.0
flan_t5_small,factual_qa/MEA_2010_8_2,C7,0.0,0.0
flan_t5_small,factual_qa/Mercury_407661,C2,0.0,1.0
flan_t5_small,factual_qa/Mercury_407661,C3,0.0,1.0
flan_t5_small,factual_qa/Mercury_407661,C4,0.0,1.0
flan_t5_small,factual_qa/Mercury_407661,C5,1.0,0.0
flan_t5_small,factual_qa/Mercury_407661,C6,0.3333333333333333,0.0
flan_t5_small,factual_qa/Mercury_407661,C7,0.3333333333333333,0.0
flan_t5_small,factual_qa/MEA_2016_8_19,C2,0.0,0.6666666666666666
flan_t5_small,factual_qa/MEA_2016_8_19,C3,0.0,1.0
flan_t5_small,factual_qa/MEA_2016_8_19,C4,0.0,0.6666666666666666
flan_t5_small,factual_qa/MEA_2016_8_19,C5,0.3333333333333333,0.0
flan_t5_small,factual_qa/MEA_2016_8_19,C6,1.0,0.0
flan_t5_small,factual_qa/MEA_2016_8_19,C7,0.0,0.0
flan_t5_small,factual_qa/Mercury_7016415,C2,0.0,0.0
flan_t5_small,factual_qa/Mercury_7016415,C3,0.0,0.3333333333333333
flan_t5_small,factual_qa/Mercury_7016415,C4,0.0,0.3333333333333333
flan_t5_small,factual_qa/Mercury_7016415,C5,1.0,0.0
flan_t5_small,factual_qa/Mercury_7016415,C6,1.0,0.0
flan_t5_small,factual_qa/Mercury_7016415,C7,0.0,0.0
flan_t5_small,factual_qa/Mercury_415082,C2,0.0,0.0
flan_t5_small,factual_qa/Mercury_415082,C3,0.0,0.0
flan_t5_small,factual_qa/Mercury_415082,C4,0.0,0.0
flan_t5_small,factual_qa/Mercury_415082,C5,1.0,0.0
flan_t5_small,factual_qa/Mercury_415082,C6,1.0,0.0
flan_t5_small,factual_qa/Mercury_415082,C7,0.0,0.0
flan_t5_small,factual_qa/Mercury_SC_400523,C2,0.0,1.0
flan_t5_small,factual_qa/Mercury_SC_400523,C3,0.0,0.0
flan_t5_small,factual_qa/Mercury_SC_400523,C4,0.0,0.0
flan_t5_small,factual_qa/Mercury_SC_400523,C5,1.0,0.0
flan_t5_small,factual_qa/Mercury_SC_400523,C6,0.0,0.0
flan_t5_small,factual_qa/Mercury_SC_400523,C7,0.3333333333333333,0.0
flan_t5_small,factual_qa/MCAS_1998_8_12,C2,0.0,0.3333333333333333
flan_t5_small,factual_qa/MCAS_1998_8_12,C3,0.0,0.0
flan_t5_small,factual_qa/MCAS_1998_8_12,C4,0.0,0.0
flan_t5_small,factual_qa/MCAS_1998_8_12,C5,1.0,0.0
flan_t5_small,factual_qa/MCAS_1998_8_12,C6,1.0,0.0
flan_t5_small,factual_qa/MCAS_1998_8_12,C7,0.0,0.0
flan_t5_small,factual_qa/Mercury_416593,C2,0.0,0.3333333333333333
flan_t5_small,factual_qa/Mercury_416593,C3,0.0,0.0
flan_t5_small,factual_qa/Mercury_416593,C4,0.0,0.0
flan_t5_small,factual_qa/Mercury_416593,C5,1.0,0.0
flan_t5_small,factual_qa/Mercury_416593,C6,1.0,0.0
flan_t5_small,factual_qa/Mercury_416593,C7,0.0,0.0
flan_t5_small,factual_qa/AKDE&ED_2008_8_20,C2,0.0,0.0
flan_t5_small,factual_qa/AKDE&ED_2008_8_20,C3,0.0,0.3333333333333333
flan_t5_small,factual_qa/AKDE&ED_2008_8_20,C4,0.0,0.0
flan_t5_small,factual_qa/AKDE&ED_2008_8_20,C5,1.0,0.0
flan_t5_small,factual_qa/AKDE&ED_2008_8_20,C6,0.6666666666666666,0.0
flan_t5_small,factual_qa/AKDE&ED_2008_8_20,C7,0.0,0.0
flan_t5_small,factual_qa/TIMSS_2011_4_pg27,C2,0.0,0.3333333333333333
flan_t5_small,factual_qa/TIMSS_2011_4_pg27,C3,0.0,0.3333333333333333
flan_t5_small,factual_qa/TIMSS_2011_4_pg27,C4,0.0,0.6666666666666666
flan_t5_small,factual_qa/TIMSS_2011_4_pg27,C5,1.0,0.0
flan_t5_small,factual_qa/TIMSS_2011_4_pg27,C6,1.0,0.0
flan_t5_small,factual_qa/TIMSS_2011_4_pg27,C7,0.0,0.0
flan_t5_small,factual_qa/Mercury_7161298,C2,0.0,0.3333333333333333
flan_t5_small,factual_qa/Mercury_7161298,C3,0.0,0.6666666666666666
flan_t5_small,factual_qa/Mercury_7161298,C4,0.0,0.3333333333333333
flan_t5_small,factual_qa/Mercury_7161298,C5,1.0,0.0
flan_t5_small,factual_qa/Mercury_7161298,C6,0.6666666666666666,0.0
flan_t5_small,factual_qa/Mercury_7161298,C7,0.3333333333333333,0.0
flan_t5_small,factual_qa/MSA_2015_8_30,C2,0.0,0.3333333333333333
flan_t5_small,factual_qa/MSA_2015_8_30,C3,0.0,0.0
flan_t5_small,factual_qa/MSA_2015_8_30,C4,0.0,0.0
flan_t5_small,factual_qa/MSA_2015_8_30,C5,1.0,0.0
flan_t5_small,factual_qa/MSA_2015_8_30,C6,1.0,0.0
flan_t5_small,factual_qa/MSA_2015_8_30,C7,0.0,0.0
flan_t5_small,factual_qa/Mercury_SC_401817,C2,0.0,0.3333333333333333
flan_t5_small,factual_qa/Mercury_SC_401817,C3,0.0,0.0
flan_t5_small,factual_qa/Mercury_SC_401817,C4,0.0,0.3333333333333333
flan_t5_small,factual_qa/Mercury_SC_401817,C5,1.0,0.0
flan_t5_small,factual_qa/Mercury_SC_401817,C6,1.0,0.0
flan_t5_small,factual_qa/Mercury_SC_401817,C7,0.3333333333333333,0.0
flan_t5_small,factual_qa/Mercury_7017728,C2,0.0,1.0
flan_t5_small,factual_qa/Mercury_7017728,C3,0.0,0.3333333333333333
flan_t5_small,factual_qa/Mercury_7017728,C4,0.0,0.3333333333333333
flan_t5_small,factual_qa/Mercury_7017728,C5,1.0,0.0
flan_t5_small,factual_qa/Mercury_7017728,C6,0.3333333333333333,0.0
flan_t5_small,factual_qa/Mercury_7017728,C7,0.3333333333333333,0.0
flan_t5_small,factual_qa/Mercury_7206063,C2,0.0,1.0
flan_t5_small,factual_qa/Mercury_7206063,C3,0.0,1.0
flan_t5_small,factual_qa/Mercury_7206063,C4,0.0,0.6666666666666666
flan_t5_small,factual_qa/Mercury_7206063,C5,1.0,0.0
flan_t5_small,factual_qa/Mercury_7206063,C6,1.0,0.0
flan_t5_small,factual_qa/Mercury_7206063,C7,0.0,0.0
flan_t5_small,factual_qa/Mercury_7083405,C2,0.0,1.0
flan_t5_small,factual_qa/Mercury_7083405,C3,0.0,1.0
flan_t5_small,factual_qa/Mercury_7083405,C4,0.0,0.6666666666666666
flan_t5_small,factual_qa/Mercury_7083405,C5,1.0,0.0
flan_t5_small,factual_qa/Mercury_7083405,C6,0.3333333333333333,0.0
flan_t5_small,factual_qa/Mercury_7083405,C7,0.0,0.0
flan_t5_small,factual_qa/Mercury_7234518,C2,0.0,0.0
flan_t5_small,factual_qa/Mercury_7234518,C3,0.0,0.6666666666666666
flan_t5_small,factual_qa/Mercury_7234518,C4,0.0,0.3333333333333333
flan_t5_small,factual_qa/Mercury_7234518,C5,1.0,0.0
flan_t5_small,factual_qa/Mercury_7234518,C6,1.0,0.0
flan_t5_small,factual_qa/Mercury_7234518,C7,0.0,0.0
flan_t5_small,factual_qa/Mercury_405452,C2,0.0,0.3333333333333333
flan_t5_small,factual_qa/Mercury_405452,C3,0.0,0.0
flan_t5_small,factual_qa/Mercury_405452,C4,0.0,0.3333333333333333
flan_t5_small,factual_qa/Mercury_405452,C5,1.0,0.0
flan_t5_small,factual_qa/Mercury_405452,C6,0.0,0.0
flan_t5_small,factual_qa/Mercury_405452,C7,0.0,0.0
flan_t5_small,factual_qa/Mercury_187198,C2,0.0,0.0
flan_t5_small,factual_qa/Mercury_187198,C3,0.0,0.0
flan_t5_small,factual_qa/Mercury_187198,C4,0.0,0.3333333333333333
flan_t5_small,factual_qa/Mercury_187198,C5,1.0,0.0
flan_t5_small,factual_qa/Mercury_187198,C6,1.0,0.0
flan_t5_small,factual_qa/Mercury_187198,C7,0.0,0.0
flan_t5_small,factual_qa/Mercury_412681,C2,0.0,0.6666666666666666
flan_t5_small,factual_qa/Mercury_412681,C3,0.0,0.3333333333333333
flan_t5_small,factual_qa/Mercury_412681,C4,0.0,0.6666666666666666
flan_t5_small,factual_qa/Mercury_412681,C5,1.0,0.0
flan_t5_small,factual_qa/Mercury_412681,C6,1.0,0.0
flan_t5_small,factual_qa/Mercury_412681,C7,0.0,0.0
flan_t5_small,factual_qa/NYSEDREGENTS_2008_8_24,C2,0.0,0.0
flan_t5_small,factual_qa/NYSEDREGENTS_2008_8_24,C3,0.0,0.0
flan_t5_small,factual_qa/NYSEDREGENTS_2008_8_24,C4,0.0,0.0
flan_t5_small,factual_qa/NYSEDREGENTS_2008_8_24,C5,1.0,0.0
flan_t5_small,factual_qa/NYSEDREGENTS_2008_8_24,C6,0.3333333333333333,0.0
flan_t5_small,factual_qa/NYSEDREGENTS_2008_8_24,C7,0.3333333333333333,0.0
flan_t5_small,factual_qa/NYSEDREGENTS_2010_8_12,C2,0.0,0.6666666666666666
flan_t5_small,factual_qa/NYSEDREGENTS_2010_8_12,C3,0.0,0.6666666666666666
flan_t5_small,factual_qa/NYSEDREGENTS_2010_8_12,C4,0.0,0.0
flan_t5_small,factual_qa/NYSEDREGENTS_2010_8_12,C5,0.3333333333333333,0.0
flan_t5_small,factual_qa/NYSEDREGENTS_2010_8_12,C6,0.0,0.0
flan_t5_small,factual_qa/NYSEDREGENTS_2010_8_12,C7,0.0,0.0
flan_t5_small,factual_qa/LEAP_2000_8_1,C2,0.0,0.6666666666666666
flan_t5_small,factual_qa/LEAP_2000_8_1,C3,0.0,1.0
flan_t5_small,factual_qa/LEAP_2000_8_1,C4,0.0,0.0
flan_t5_small,factual_qa/LEAP_2000_8_1,C5,1.0,0.0
flan_t5_small,factual_qa/LEAP_2000_8_1,C6,1.0,0.0
flan_t5_small,factual_qa/LEAP_2000_8_1,C7,0.3333333333333333,0.0
flan_t5_small,factual_qa/Mercury_7268258,C2,0.0,1.0
flan_t5_small,factual_qa/Mercury_7268258,C3,0.0,1.0
flan_t5_small,factual_qa/Mercury_7268258,C4,0.0,1.0
flan_t5_small,factual_qa/Mercury_7268258,C5,0.0,0.0
flan_t5_small,factual_qa/Mercury_7268258,C6,0.6666666666666666,0.0
flan_t5_small,factual_qa/Mercury_7268258,C7,0.0,0.0
flan_t5_small,factual_qa/Mercury_7200340,C2,0.0,0.0
flan_t5_small,factual_qa/Mercury_7200340,C3,0.0,0.0
flan_t5_small,factual_qa/Mercury_7200340,C4,0.0,0.0
flan_t5_small,factual_qa/Mercury_7200340,C5,1.0,0.0
flan_t5_small,factual_qa/Mercury_7200340,C6,0.3333333333333333,0.0
flan_t5_small,factual_qa/Mercury_7200340,C7,0.0,0.0
flan_t5_small,factual_qa/Mercury_7207113,C2,0.0,0.6666666666666666
flan_t5_small,factual_qa/Mercury_7207113,C3,0.0,0.3333333333333333
flan_t5_small,factual_qa/Mercury_7207113,C4,0.0,0.3333333333333333
flan_t5_small,factual_qa/Mercury_7207113,C5,1.0,0.0
flan_t5_small,factual_qa/Mercury_7207113,C6,0.6666666666666666,0.0
flan_t5_small,factual_qa/Mercury_7207113,C7,0.3333333333333333,0.0
flan_t5_small,factual_qa/Mercury_LBS10287,C2,0.0,1.0
flan_t5_small,factual_qa/Mercury_LBS10287,C3,0.0,1.0
flan_t5_small,factual_qa/Mercury_LBS10287,C4,0.0,1.0
flan_t5_small,factual_qa/Mercury_LBS10287,C5,1.0,0.0
flan_t5_small,factual_qa/Mercury_LBS10287,C6,1.0,0.0
flan_t5_small,factual_qa/Mercury_LBS10287,C7,0.0,0.0
flan_t5_small,factual_qa/NYSEDREGENTS_2012_4_13,C2,0.0,0.6666666666666666
flan_t5_small,factual_qa/NYSEDREGENTS_2012_4_13,C3,0.0,0.0
flan_t5_small,factual_qa/NYSEDREGENTS_2012_4_13,C4,0.0,0.3333333333333333
flan_t5_small,factual_qa/NYSEDREGENTS_2012_4_13,C5,1.0,0.0
flan_t5_small,factual_qa/NYSEDREGENTS_2012_4_13,C6,0.3333333333333333,0.0
flan_t5_small,factual_qa/NYSEDREGENTS_2012_4_13,C7,0.3333333333333333,0.0
flan_t5_small,factual_qa/Mercury_7239890,C2,0.0,1.0
flan_t5_small,factual_qa/Mercury_7239890,C3,0.0,1.0
flan_t5_small,factual_qa/Mercury_7239890,C4,0.0,0.6666666666666666
flan_t5_small,factual_qa/Mercury_7239890,C5,1.0,0.0
flan_t5_small,factual_qa/Mercury_7239890,C6,0.0,0.0
flan_t5_small,factual_qa/Mercury_7239890,C7,0.0,0.0
flan_t5_small,factual_qa/MSA_2012_5_13,C2,0.0,1.0
flan_t5_small,factual_qa/MSA_2012_5_13,C3,0.0,1.0
flan_t5_small,factual_qa/MSA_2012_5_13,C4,0.0,1.0
flan_t5_small,factual_qa/MSA_2012_5_13,C5,1.0,0.0
flan_t5_small,factual_qa/MSA_2012_5_13,C6,1.0,0.0
flan_t5_small,factual_qa/MSA_2012_5_13,C7,0.3333333333333333,0.0
flan_t5_small,factual_qa/Mercury_SC_415417,C2,0.0,1.0
flan_t5_small,factual_qa/Mercury_SC_415417,C3,0.0,1.0
flan_t5_small,factual_qa/Mercury_SC_415417,C4,0.0,1.0
flan_t5_small,factual_qa/Mercury_SC_415417,C5,1.0,0.0
flan_t5_small,factual_qa/Mercury_SC_415417,C6,1.0,0.0
flan_t5_small,factual_qa/Mercury_SC_415417,C7,0.0,0.0
flan_t5_small,factual_qa/Mercury_SC_402103,C2,0.0,0.0
flan_t5_small,factual_qa/Mercury_SC_402103,C3,0.0,0.0
flan_t5_small,factual_qa/Mercury_SC_402103,C4,0.0,0.0
flan_t5_small,factual_qa/Mercury_SC_402103,C5,1.0,0.0
flan_t5_small,factual_qa/Mercury_SC_402103,C6,1.0,0.0
flan_t5_small,factual_qa/Mercury_SC_402103,C7,0.0,0.0
flan_t5_small,factual_qa/Mercury_SC_405496,C2,0.0,1.0
flan_t5_small,factual_qa/Mercury_SC_405496,C3,0.0,1.0
flan_t5_small,factual_qa/Mercury_SC_405496,C4,0.0,0.3333333333333333
flan_t5_small,factual_qa/Mercury_SC_405496,C5,1.0,0.0
flan_t5_small,factual_qa/Mercury_SC_405496,C6,1.0,0.0
flan_t5_small,factual_qa/Mercury_SC_405496,C7,0.0,0.0
flan_t5_small,factual_qa/Mercury_7136885,C2,0.0,0.0
flan_t5_small,factual_qa/Mercury_7136885,C3,0.0,0.0
flan_t5_small,factual_qa/Mercury_7136885,C4,0.0,0.0
flan_t5_small,factual_qa/Mercury_7136885,C5,1.0,0.0
flan_t5_small,factual_qa/Mercury_7136885,C6,1.0,0.0
flan_t5_small,factual_qa/Mercury_7136885,C7,0.0,0.0
flan_t5_small,factual_qa/Mercury_7009853,C2,0.0,0.0
flan_t5_small,factual_qa/Mercury_7009853,C3,0.0,0.0
flan_t5_small,factual_qa/Mercury_7009853,C4,0.0,0.0
flan_t5_small,factual_qa/Mercury_7009853,C5,1.0,0.0
flan_t5_small,factual_qa/Mercury_7009853,C6,0.6666666666666666,0.0
flan_t5_small,factual_qa/Mercury_7009853,C7,0.0,0.0
flan_t5_small,factual_qa/MDSA_2008_8_25,C2,0.0,0.6666666666666666
flan_t5_small,factual_qa/MDSA_2008_8_25,C3,0.0,1.0
flan_t5_small,factual_qa/MDSA_2008_8_25,C4,0.0,1.0
flan_t5_small,factual_qa/MDSA_2008_8_25,C5,1.0,0.0
flan_t5_small,factual_qa/MDSA_2008_8_25,C6,1.0,0.0
flan_t5_small,factual_qa/MDSA_2008_8_25,C7,0.0,0.0
flan_t5_small,factual_qa/Mercury_7025095,C2,0.0,1.0
flan_t5_small,factual_qa/Mercury_7025095,C3,0.0,1.0
flan_t5_small,factual_qa/Mercury_7025095,C4,0.0,1.0
flan_t5_small,factual_qa/Mercury_7025095,C5,1.0,0.0
flan_t5_small,factual_qa/Mercury_7025095,C6,1.0,0.0
flan_t5_small,factual_qa/Mercury_7025095,C7,0.0,0.0
flan_t5_small,factual_qa/TIMSS_2011_4_pg51,C2,0.0,1.0
flan_t5_small,factual_qa/TIMSS_2011_4_pg51,C3,0.0,1.0
flan_t5_small,factual_qa/TIMSS_2011_4_pg51,C4,0.0,1.0
flan_t5_small,factual_qa/TIMSS_2011_4_pg51,C5,1.0,0.0
flan_t5_small,factual_qa/TIMSS_2011_4_pg51,C6,0.3333333333333333,0.0
flan_t5_small,factual_qa/TIMSS_2011_4_pg51,C7,0.0,0.0
flan_t5_small,factual_qa/Mercury_SC_LBS10276,C2,0.0,1.0
flan_t5_small,factual_qa/Mercury_SC_LBS10276,C3,0.0,1.0
flan_t5_small,factual_qa/Mercury_SC_LBS10276,C4,0.0,1.0
flan_t5_small,factual_qa/Mercury_SC_LBS10276,C5,1.0,0.0
flan_t5_small,factual_qa/Mercury_SC_LBS10276,C6,0.0,0.0
flan_t5_small,factual_qa/Mercury_SC_LBS10276,C7,0.0,0.0
flan_t5_small,factual_qa/Mercury_7115255,C2,0.0,1.0
flan_t5_small,factual_qa/Mercury_7115255,C3,0.0,1.0
flan_t5_small,factual_qa/Mercury_7115255,C4,0.0,0.0
flan_t5_small,factual_qa/Mercury_7115255,C5,1.0,0.0
flan_t5_small,factual_qa/Mercury_7115255,C6,1.0,0.0
flan_t5_small,factual_qa/Mercury_7115255,C7,0.0,0.0
flan_t5_small,factual_qa/Mercury_7163328,C2,0.0,0.0
flan_t5_small,factual_qa/Mercury_7163328,C3,0.0,0.0
flan_t5_small,factual_qa/Mercury_7163328,C4,0.0,0.0
flan_t5_small,factual_qa/Mercury_7163328,C5,1.0,0.0
flan_t5_small,factual_qa/Mercury_7163328,C6,0.3333333333333333,0.0
flan_t5_small,factual_qa/Mercury_7163328,C7,0.3333333333333333,0.0
flan_t5_small,factual_qa/Mercury_416638,C2,0.0,0.6666666666666666
flan_t5_small,factual_qa/Mercury_416638,C3,0.0,0.6666666666666666
flan_t5_small,factual_qa/Mercury_416638,C4,0.0,0.3333333333333333
flan_t5_small,factual_qa/Mercury_416638,C5,1.0,0.0
flan_t5_small,factual_qa/Mercury_416638,C6,0.0,0.0
flan_t5_small,factual_qa/Mercury_416638,C7,0.0,0.0
flan_t5_small,factual_qa/Mercury_SC_LBS10269,C2,0.0,1.0
flan_t5_small,factual_qa/Mercury_SC_LBS10269,C3,0.0,0.0
flan_t5_small,factual_qa/Mercury_SC_LBS10269,C4,0.0,0.6666666666666666
flan_t5_small,factual_qa/Mercury_SC_LBS10269,C5,0.6666666666666666,0.0
flan_t5_small,factual_qa/Mercury_SC_LBS10269,C6,1.0,0.0
flan_t5_small,factual_qa/Mercury_SC_LBS10269,C7,0.0,0.0
flan_t5_small,factual_qa/MCAS_1998_4_11,C2,0.0,0.6666666666666666
flan_t5_small,factual_qa/MCAS_1998_4_11,C3,0.0,1.0
flan_t5_small,factual_qa/MCAS_1998_4_11,C4,0.0,0.6666666666666666
flan_t5_small,factual_qa/MCAS_1998_4_11,C5,1.0,0.0
flan_t5_small,factual_qa/MCAS_1998_4_11,C6,0.3333333333333333,0.0
flan_t5_small,factual_qa/MCAS_1998_4_11,C7,0.3333333333333333,0.0
flan_t5_small,factual_qa/Mercury_SC_402627,C2,0.0,0.3333333333333333
flan_t5_small,factual_qa/Mercury_SC_402627,C3,0.0,1.0
flan_t5_small,factual_qa/Mercury_SC_402627,C4,0.0,0.6666666666666666
flan_t5_small,factual_qa/Mercury_SC_402627,C5,0.6666666666666666,0.0
flan_t5_small,factual_qa/Mercury_SC_402627,C6,0.3333333333333333,0.0
flan_t5_small,factual_qa/Mercury_SC_402627,C7,0.0,0.0
flan_t5_small,factual_qa/OHAT_2007_5_15,C2,0.0,0.0
flan_t5_small,factual_qa/OHAT_2007_5_15,C3,0.0,0.0
flan_t5_small,factual_qa/OHAT_2007_5_15,C4,0.0,0.0
flan_t5_small,factual_qa/OHAT_2007_5_15,C5,1.0,0.0
flan_t5_small,factual_qa/OHAT_2007_5_15,C6,0.3333333333333333,0.0
flan_t5_small,factual_qa/OHAT_2007_5_15,C7,0.0,0.0
flan_t5_small,factual_qa/Mercury_7217035,C2,0.0,1.0
flan_t5_small,factual_qa/Mercury_7217035,C3,0.0,1.0
flan_t5_small,factual_qa/Mercury_7217035,C4,0.0,0.6666666666666666
flan_t5_small,factual_qa/Mercury_7217035,C5,1.0,0.0
flan_t5_small,factual_qa/Mercury_7217035,C6,0.3333333333333333,0.0
flan_t5_small,factual_qa/Mercury_7217035,C7,0.0,0.0
flan_t5_small,factual_qa/VASoL_2008_5_26,C2,0.0,1.0
flan_t5_small,factual_qa/VASoL_2008_5_26,C3,0.0,1.0
flan_t5_small,factual_qa/VASoL_2008_5_26,C4,0.0,0.6666666666666666
flan_t5_small,factual_qa/VASoL_2008_5_26,C5,0.0,0.0
flan_t5_small,factual_qa/VASoL_2008_5_26,C6,0.0,0.0
flan_t5_small,factual_qa/VASoL_2008_5_26,C7,0.3333333333333333,0.0
flan_t5_small,factual_qa/MSA_2013_5_5,C2,0.0,0.3333333333333333
flan_t5_small,factual_qa/MSA_2013_5_5,C3,0.0,0.0
flan_t5_small,factual_qa/MSA_2013_5_5,C4,0.0,0.3333333333333333
flan_t5_small,factual_qa/MSA_2013_5_5,C5,1.0,0.0
flan_t5_small,factual_qa/MSA_2013_5_5,C6,0.0,0.0
flan_t5_small,factual_qa/MSA_2013_5_5,C7,0.0,0.0
flan_t5_small,factual_qa/Mercury_SC_401123,C2,0.0,1.0
flan_t5_small,factual_qa/Mercury_SC_401123,C3,0.0,1.0
flan_t5_small,factual_qa/Mercury_SC_401123,C4,0.0,1.0
flan_t5_small,factual_qa/Mercury_SC_401123,C5,0.0,0.0
flan_t5_small,factual_qa/Mercury_SC_401123,C6,0.3333333333333333,0.0
flan_t5_small,factual_qa/Mercury_SC_401123,C7,0.0,0.0
flan_t5_small,factual_qa/Mercury_SC_400142,C2,0.0,0.6666666666666666
flan_t5_small,factual_qa/Mercury_SC_400142,C3,0.0,0.6666666666666666
flan_t5_small,factual_qa/Mercury_SC_400142,C4,0.0,0.3333333333333333
flan_t5_small,factual_qa/Mercury_SC_400142,C5,1.0,0.0
flan_t5_small,factual_qa/Mercury_SC_400142,C6,0.0,0.0
flan_t5_small,factual_qa/Mercury_SC_400142,C7,0.0,0.0
flan_t5_small,factual_qa/Mercury_7267575,C2,0.0,1.0
flan_t5_small,factual_qa/Mercury_7267575,C3,0.0,0.3333333333333333
flan_t5_small,factual_qa/Mercury_7267575,C4,0.0,0.6666666666666666
flan_t5_small,factual_qa/Mercury_7267575,C5,1.0,0.0
flan_t5_small,factual_qa/Mercury_7267575,C6,1.0,0.0
flan_t5_small,factual_qa/Mercury_7267575,C7,0.0,0.0
flan_t5_small,factual_qa/Mercury_7207550,C2,0.0,0.0
flan_t5_small,factual_qa/Mercury_7207550,C3,0.0,0.0
flan_t5_small,factual_qa/Mercury_7207550,C4,0.0,0.3333333333333333
flan_t5_small,factual_qa/Mercury_7207550,C5,1.0,0.0
flan_t5_small,factual_qa/Mercury_7207550,C6,1.0,0.0
flan_t5_small,factual_qa/Mercury_7207550,C7,0.0,0.0
flan_t5_small,factual_qa/NCEOGA_2013_5_32,C2,0.0,0.0
flan_t5_small,factual_qa/NCEOGA_2013_5_32,C3,0.0,0.0
flan_t5_small,factual_qa/NCEOGA_2013_5_32,C4,0.0,0.0
flan_t5_small,factual_qa/NCEOGA_2013_5_32,C5,1.0,0.0
flan_t5_small,factual_qa/NCEOGA_2013_5_32,C6,1.0,0.0
flan_t5_small,factual_qa/NCEOGA_2013_5_32,C7,0.0,0.0
flan_t5_small,factual_qa/Mercury_7041563,C2,0.0,1.0
flan_t5_small,factual_qa/Mercury_7041563,C3,0.0,1.0
flan_t5_small,factual_qa/Mercury_7041563,C4,0.0,1.0
flan_t5_small,factual_qa/Mercury_7041563,C5,1.0,0.0
flan_t5_small,factual_qa/Mercury_7041563,C6,0.3333333333333333,0.0
flan_t5_small,factual_qa/Mercury_7041563,C7,0.0,0.0
flan_t5_small,factual_qa/Mercury_7211260,C2,0.0,1.0
flan_t5_small,factual_qa/Mercury_7211260,C3,0.0,0.0
flan_t5_small,factual_qa/Mercury_7211260,C4,0.0,0.6666666666666666
flan_t5_small,factual_qa/Mercury_7211260,C5,1.0,0.0
flan_t5_small,factual_qa/Mercury_7211260,C6,1.0,0.0
flan_t5_small,factual_qa/Mercury_7211260,C7,0.0,0.0
flan_t5_small,factual_qa/TIMSS_2003_4_pg14,C2,0.0,1.0
flan_t5_small,factual_qa/TIMSS_2003_4_pg14,C3,0.0,1.0
flan_t5_small,factual_qa/TIMSS_2003_4_pg14,C4,0.0,1.0
flan_t5_small,factual_qa/TIMSS_2003_4_pg14,C5,0.6666666666666666,0.0
flan_t5_small,factual_qa/TIMSS_2003_4_pg14,C6,0.3333333333333333,0.0
flan_t5_small,factual_qa/TIMSS_2003_4_pg14,C7,0.3333333333333333,0.0
flan_t5_small,factual_qa/Mercury_7174213,C2,0.0,0.0
flan_t5_small,factual_qa/Mercury_7174213,C3,0.0,0.6666666666666666
flan_t5_small,factual_qa/Mercury_7174213,C4,0.0,0.0
flan_t5_small,factual_qa/Mercury_7174213,C5,1.0,0.0
flan_t5_small,factual_qa/Mercury_7174213,C6,1.0,0.0
flan_t5_small,factual_qa/Mercury_7174213,C7,0.0,0.0
flan_t5_small,factual_qa/Mercury_404987,C2,0.0,1.0
flan_t5_small,factual_qa/Mercury_404987,C3,0.0,0.6666666666666666
flan_t5_small,factual_qa/Mercury_404987,C4,0.0,0.0
flan_t5_small,factual_qa/Mercury_404987,C5,1.0,0.0
flan_t5_small,factual_qa/Mercury_404987,C6,0.0,0.0
flan_t5_small,factual_qa/Mercury_404987,C7,0.0,0.0
flan_t5_small,factual_qa/Mercury_7131845,C2,0.0,0.0
flan_t5_small,factual_qa/Mercury_7131845,C3,0.0,1.0
flan_t5_small,factual_qa/Mercury_7131845,C4,0.0,0.0
flan_t5_small,factual_qa/Mercury_7131845,C5,1.0,0.0
flan_t5_small,factual_qa/Mercury_7131845,C6,1.0,0.0
flan_t5_small,factual_qa/Mercury_7131845,C7,0.0,0.0
flan_t5_small,factual_qa/MCAS_2011_8_17692,C2,0.0,0.3333333333333333
flan_t5_small,factual_qa/MCAS_2011_8_17692,C3,0.0,1.0
flan_t5_small,factual_qa/MCAS_2011_8_17692,C4,0.0,0.6666666666666666
flan_t5_small,factual_qa/MCAS_2011_8_17692,C5,1.0,0.0
flan_t5_small,factual_qa/MCAS_2011_8_17692,C6,1.0,0.0
flan_t5_small,factual_qa/MCAS_2011_8_17692,C7,0.0,0.0
flan_t5_small,factual_qa/Mercury_7015890,C2,0.0,0.6666666666666666
flan_t5_small,factual_qa/Mercury_7015890,C3,0.0,0.3333333333333333
flan_t5_small,factual_qa/Mercury_7015890,C4,0.0,0.0
flan_t5_small,factual_qa/Mercury_7015890,C5,1.0,0.0
flan_t5_small,factual_qa/Mercury_7015890,C6,0.3333333333333333,0.0
flan_t5_small,factual_qa/Mercury_7015890,C7,0.0,0.0
flan_t5_small,factual_qa/Mercury_7230598,C2,0.0,0.6666666666666666
flan_t5_small,factual_qa/Mercury_7230598,C3,0.0,1.0
flan_t5_small,factual_qa/Mercury_7230598,C4,0.0,0.3333333333333333
flan_t5_small,factual_qa/Mercury_7230598,C5,1.0,0.0
flan_t5_small,factual_qa/Mercury_7230598,C6,0.3333333333333333,0.0
flan_t5_small,factual_qa/Mercury_7230598,C7,0.0,0.0
flan_t5_small,factual_qa/Mercury_7218400,C2,0.0,0.0
flan_t5_small,factual_qa/Mercury_7218400,C3,0.0,0.0
flan_t5_small,factual_qa/Mercury_7218400,C4,0.0,0.0
flan_t5_small,factual_qa/Mercury_7218400,C5,1.0,0.0
flan_t5_small,factual_qa/Mercury_7218400,C6,1.0,0.0
flan_t5_small,factual_qa/Mercury_7218400,C7,0.0,0.0
flan_t5_small,factual_qa/LEAP_2009_8_10429,C2,0.0,1.0
flan_t5_small,factual_qa/LEAP_2009_8_10429,C3,0.0,0.6666666666666666
flan_t5_small,factual_qa/LEAP_2009_8_10429,C4,0.0,1.0
flan_t5_small,factual_qa/LEAP_2009_8_10429,C5,0.6666666666666666,0.0
flan_t5_small,factual_qa/LEAP_2009_8_10429,C6,1.0,0.0
flan_t5_small,factual_qa/LEAP_2009_8_10429,C7,0.0,0.0
flan_t5_small,factual_qa/Mercury_SC_400609,C2,0.0,0.3333333333333333
flan_t5_small,factual_qa/Mercury_SC_400609,C3,0.0,1.0
flan_t5_small,factual_qa/Mercury_SC_400609,C4,0.0,0.6666666666666666
flan_t5_small,factual_qa/Mercury_SC_400609,C5,1.0,0.0
flan_t5_small,factual_qa/Mercury_SC_400609,C6,1.0,0.0
flan_t5_small,factual_qa/Mercury_SC_400609,C7,0.0,0.0
flan_t5_small,factual_qa/Mercury_7160563,C2,0.0,1.0
flan_t5_small,factual_qa/Mercury_7160563,C3,0.0,0.0
flan_t5_small,factual_qa/Mercury_7160563,C4,0.0,0.3333333333333333
flan_t5_small,factual_qa/Mercury_7160563,C5,1.0,0.0
flan_t5_small,factual_qa/Mercury_7160563,C6,1.0,0.0
flan_t5_small,factual_qa/Mercury_7160563,C7,0.0,0.0
flan_t5_small,factual_qa/Mercury_7271723,C2,0.0,0.6666666666666666
flan_t5_small,factual_qa/Mercury_7271723,C3,0.0,0.0
flan_t5_small,factual_qa/Mercury_7271723,C4,0.0,0.3333333333333333
flan_t5_small,factual_qa/Mercury_7271723,C5,1.0,0.0
flan_t5_small,factual_qa/Mercury_7271723,C6,0.3333333333333333,0.0
flan_t5_small,factual_qa/Mercury_7271723,C7,0.0,0.0
flan_t5_small,factual_qa/LEAP__7_10352,C2,0.0,0.0
flan_t5_small,factual_qa/LEAP__7_10352,C3,0.0,0.0
flan_t5_small,factual_qa/LEAP__7_10352,C4,0.0,0.0
flan_t5_small,factual_qa/LEAP__7_10352,C5,1.0,0.0
flan_t5_small,factual_qa/LEAP__7_10352,C6,1.0,0.0
flan_t5_small,factual_qa/LEAP__7_10352,C7,0.0,0.0
flan_t5_small,factual_qa/Mercury_7082478,C2,0.0,0.0
flan_t5_small,factual_qa/Mercury_7082478,C3,0.0,0.3333333333333333
flan_t5_small,factual_qa/Mercury_7082478,C4,0.0,0.0
flan_t5_small,factual_qa/Mercury_7082478,C5,1.0,0.0
flan_t5_small,factual_qa/Mercury_7082478,C6,0.0,0.0
flan_t5_small,factual_qa/Mercury_7082478,C7,0.0,0.0
flan_t5_small,factual_qa/NCEOGA_2013_8_18,C2,0.0,0.3333333333333333
flan_t5_small,factual_qa/NCEOGA_2013_8_18,C3,0.0,0.3333333333333333
flan_t5_small,factual_qa/NCEOGA_2013_8_18,C4,0.0,0.0
flan_t5_small,factual_qa/NCEOGA_2013_8_18,C5,1.0,0.0
flan_t5_small,factual_qa/NCEOGA_2013_8_18,C6,1.0,0.0
flan_t5_small,factual_qa/NCEOGA_2013_8_18,C7,0.0,0.0
flan_t5_small,factual_qa/NYSEDREGENTS_2010_8_28,C2,0.0,0.6666666666666666
flan_t5_small,factual_qa/NYSEDREGENTS_2010_8_28,C3,0.0,0.0
flan_t5_small,factual_qa/NYSEDREGENTS_2010_8_28,C4,0.0,0.3333333333333333
flan_t5_small,factual_qa/NYSEDREGENTS_2010_8_28,C5,1.0,0.0
flan_t5_small,factual_qa/NYSEDREGENTS_2010_8_28,C6,1.0,0.0
flan_t5_small,factual_qa/NYSEDREGENTS_2010_8_28,C7,0.0,0.0
flan_t5_small,factual_qa/Mercury_SC_415369,C2,0.0,1.0
flan_t5_small,factual_qa/Mercury_SC_415369,C3,0.0,1.0
flan_t5_small,factual_qa/Mercury_SC_415369,C4,0.0,1.0
flan_t5_small,factual_qa/Mercury_SC_415369,C5,1.0,0.0
flan_t5_small,factual_qa/Mercury_SC_415369,C6,1.0,0.0
flan_t5_small,factual_qa/Mercury_SC_415369,C7,0.0,0.0
flan_t5_small,factual_qa/TAKS_2009_5_26,C2,0.0,0.3333333333333333
flan_t5_small,factual_qa/TAKS_2009_5_26,C3,0.0,0.0
flan_t5_small,factual_qa/TAKS_2009_5_26,C4,0.0,0.0
flan_t5_small,factual_qa/TAKS_2009_5_26,C5,1.0,0.0
flan_t5_small,factual_qa/TAKS_2009_5_26,C6,0.3333333333333333,0.0
flan_t5_small,factual_qa/TAKS_2009_5_26,C7,0.3333333333333333,0.0
flan_t5_small,factual_qa/Mercury_7068513,C2,0.0,0.3333333333333333
flan_t5_small,factual_qa/Mercury_7068513,C3,0.0,0.0
flan_t5_small,factual_qa/Mercury_7068513,C4,0.0,0.0
flan_t5_small,factual_qa/Mercury_7068513,C5,1.0,0.0
flan_t5_small,factual_qa/Mercury_7068513,C6,1.0,0.0
flan_t5_small,factual_qa/Mercury_7068513,C7,0.0,0.0
flan_t5_small,factual_qa/Mercury_7187863,C2,0.0,0.3333333333333333
flan_t5_small,factual_qa/Mercury_7187863,C3,0.0,0.3333333333333333
flan_t5_small,factual_qa/Mercury_7187863,C4,0.0,0.0
flan_t5_small,factual_qa/Mercury_7187863,C5,1.0,0.0
flan_t5_small,factual_qa/Mercury_7187863,C6,1.0,0.0
flan_t5_small,factual_qa/Mercury_7187863,C7,0.3333333333333333,0.0
flan_t5_small,factual_qa/Mercury_7112805,C2,0.0,0.0
flan_t5_small,factual_qa/Mercury_7112805,C3,0.0,0.0
flan_t5_small,factual_qa/Mercury_7112805,C4,0.0,0.0
flan_t5_small,factual_qa/Mercury_7112805,C5,1.0,0.0
flan_t5_small,factual_qa/Mercury_7112805,C6,1.0,0.0
flan_t5_small,factual_qa/Mercury_7112805,C7,0.0,0.0
flan_t5_small,factual_qa/NYSEDREGENTS_2013_8_42,C2,0.0,1.0
flan_t5_small,factual_qa/NYSEDREGENTS_2013_8_42,C3,0.0,1.0
flan_t5_small,factual_qa/NYSEDREGENTS_2013_8_42,C4,0.0,1.0
flan_t5_small,factual_qa/NYSEDREGENTS_2013_8_42,C5,1.0,0.0
flan_t5_small,factual_qa/NYSEDREGENTS_2013_8_42,C6,0.3333333333333333,0.0
flan_t5_small,factual_qa/NYSEDREGENTS_2013_8_42,C7,0.0,0.0
flan_t5_small,factual_qa/AKDE&ED_2012_8_4,C2,0.0,0.6666666666666666
flan_t5_small,factual_qa/AKDE&ED_2012_8_4,C3,0.0,1.0
flan_t5_small,factual_qa/AKDE&ED_2012_8_4,C4,0.0,1.0
flan_t5_small,factual_qa/AKDE&ED_2012_8_4,C5,1.0,0.0
flan_t5_small,factual_qa/AKDE&ED_2012_8_4,C6,0.0,0.0
flan_t5_small,factual_qa/AKDE&ED_2012_8_4,C7,0.3333333333333333,0.0
flan_t5_small,factual_qa/Mercury_409085,C2,0.0,0.0
flan_t5_small,factual_qa/Mercury_409085,C3,0.0,0.0
flan_t5_small,factual_qa/Mercury_409085,C4,0.0,0.0
flan_t5_small,factual_qa/Mercury_409085,C5,1.0,0.0
flan_t5_small,factual_qa/Mercury_409085,C6,1.0,0.0
flan_t5_small,factual_qa/Mercury_409085,C7,0.3333333333333333,0.0
flan_t5_small,factual_qa/Mercury_SC_401602,C2,0.0,0.3333333333333333
flan_t5_small,factual_qa/Mercury_SC_401602,C3,0.0,1.0
flan_t5_small,factual_qa/Mercury_SC_401602,C4,0.0,0.6666666666666666
flan_t5_small,factual_qa/Mercury_SC_401602,C5,1.0,0.0
flan_t5_small,factual_qa/Mercury_SC_401602,C6,1.0,0.0
flan_t5_small,factual_qa/Mercury_SC_401602,C7,0.0,0.0
flan_t5_small,factual_qa/Mercury_7038028,C2,0.0,0.0
flan_t5_small,factual_qa/Mercury_7038028,C3,0.0,0.0
flan_t5_small,factual_qa/Mercury_7038028,C4,0.0,0.0
flan_t5_small,factual_qa/Mercury_7038028,C5,1.0,0.0
flan_t5_small,factual_qa/Mercury_7038028,C6,1.0,0.0
flan_t5_small,factual_qa/Mercury_7038028,C7,0.0,0.0
flan_t5_small,factual_qa/Mercury_7239715,C2,0.0,0.3333333333333333
flan_t5_small,factual_qa/Mercury_7239715,C3,0.0,0.3333333333333333
flan_t5_small,factual_qa/Mercury_7239715,C4,0.0,0.6666666666666666
flan_t5_small,factual_qa/Mercury_7239715,C5,1.0,0.0
flan_t5_small,factual_qa/Mercury_7239715,C6,0.0,0.0
flan_t5_small,factual_qa/Mercury_7239715,C7,0.0,0.0
flan_t5_small,factual_qa/Mercury_7084088,C2,0.0,0.3333333333333333
flan_t5_small,factual_qa/Mercury_7084088,C3,0.0,0.6666666666666666
flan_t5_small,factual_qa/Mercury_7084088,C4,0.0,0.3333333333333333
flan_t5_small,factual_qa/Mercury_7084088,C5,1.0,0.0
flan_t5_small,factual_qa/Mercury_7084088,C6,1.0,0.0
flan_t5_small,factual_qa/Mercury_7084088,C7,0.0,0.0
flan_t5_small,factual_qa/Mercury_SC_LBS10177,C2,0.0,0.6666666666666666
flan_t5_small,factual_qa/Mercury_SC_LBS10177,C3,0.0,0.0
flan_t5_small,factual_qa/Mercury_SC_LBS10177,C4,0.0,0.3333333333333333
flan_t5_small,factual_qa/Mercury_SC_LBS10177,C5,1.0,0.0
flan_t5_small,factual_qa/Mercury_SC_LBS10177,C6,0.3333333333333333,0.0
flan_t5_small,factual_qa/Mercury_SC_LBS10177,C7,0.0,0.0
flan_t5_small,factual_qa/Mercury_7017010,C2,0.0,0.6666666666666666
flan_t5_small,factual_qa/Mercury_7017010,C3,0.0,0.6666666666666666
flan_t5_small,factual_qa/Mercury_7017010,C4,0.0,0.6666666666666666
flan_t5_small,factual_qa/Mercury_7017010,C5,1.0,0.0
flan_t5_small,factual_qa/Mercury_7017010,C6,0.0,0.0
flan_t5_small,factual_qa/Mercury_7017010,C7,0.0,0.0
flan_t5_small,factual_qa/Mercury_7083738,C2,0.0,0.0
flan_t5_small,factual_qa/Mercury_7083738,C3,0.0,0.3333333333333333
flan_t5_small,factual_qa/Mercury_7083738,C4,0.0,0.0
flan_t5_small,factual_qa/Mercury_7083738,C5,1.0,0.0
flan_t5_small,factual_qa/Mercury_7083738,C6,1.0,0.0
flan_t5_small,factual_qa/Mercury_7083738,C7,0.3333333333333333,0.0
flan_t5_small,factual_qa/NCEOGA_2013_5_18,C2,0.0,1.0
flan_t5_small,factual_qa/NCEOGA_2013_5_18,C3,0.0,1.0
flan_t5_small,factual_qa/NCEOGA_2013_5_18,C4,0.0,0.3333333333333333
flan_t5_small,factual_qa/NCEOGA_2013_5_18,C5,1.0,0.0
flan_t5_small,factual_qa/NCEOGA_2013_5_18,C6,1.0,0.0
flan_t5_small,factual_qa/NCEOGA_2013_5_18,C7,0.0,0.0
flan_t5_small,factual_qa/Mercury_7043820,C2,0.0,1.0
flan_t5_small,factual_qa/Mercury_7043820,C3,0.0,1.0
flan_t5_small,factual_qa/Mercury_7043820,C4,0.0,1.0
flan_t5_small,factual_qa/Mercury_7043820,C5,1.0,0.0
flan_t5_small,factual_qa/Mercury_7043820,C6,0.0,0.0
flan_t5_small,factual_qa/Mercury_7043820,C7,0.3333333333333333,0.0
flan_t5_small,factual_qa/Mercury_412625,C2,0.0,1.0
flan_t5_small,factual_qa/Mercury_412625,C3,0.0,1.0
flan_t5_small,factual_qa/Mercury_412625,C4,0.0,1.0
flan_t5_small,factual_qa/Mercury_412625,C5,1.0,0.0
flan_t5_small,factual_qa/Mercury_412625,C6,0.0,0.0
flan_t5_small,factual_qa/Mercury_412625,C7,0.3333333333333333,0.0
flan_t5_small,factual_qa/Mercury_7212625,C2,0.0,1.0
flan_t5_small,factual_qa/Mercury_7212625,C3,0.0,1.0
flan_t5_small,factual_qa/Mercury_7212625,C4,0.0,1.0
flan_t5_small,factual_qa/Mercury_7212625,C5,1.0,0.0
flan_t5_small,factual_qa/Mercury_7212625,C6,1.0,0.0
flan_t5_small,factual_qa/Mercury_7212625,C7,0.0,0.0
flan_t5_small,factual_qa/Mercury_7074953,C2,0.0,0.0
flan_t5_small,factual_qa/Mercury_7074953,C3,0.0,0.0
flan_t5_small,factual_qa/Mercury_7074953,C4,0.0,0.0
flan_t5_small,factual_qa/Mercury_7074953,C5,0.0,0.0
flan_t5_small,factual_qa/Mercury_7074953,C6,0.3333333333333333,0.0
flan_t5_small,factual_qa/Mercury_7074953,C7,0.0,0.0
flan_t5_small,factual_qa/Mercury_400780,C2,0.0,0.6666666666666666
flan_t5_small,factual_qa/Mercury_400780,C3,0.0,1.0
flan_t5_small,factual_qa/Mercury_400780,C4,0.0,0.6666666666666666
flan_t5_small,factual_qa/Mercury_400780,C5,1.0,0.0
flan_t5_small,factual_qa/Mercury_400780,C6,1.0,0.0
flan_t5_small,factual_qa/Mercury_400780,C7,0.0,0.0
flan_t5_small,factual_qa/MEA_2011_8_16,C2,0.0,0.0
flan_t5_small,factual_qa/MEA_2011_8_16,C3,0.0,0.0
flan_t5_small,factual_qa/MEA_2011_8_16,C4,0.0,0.0
flan_t5_small,factual_qa/MEA_2011_8_16,C5,1.0,0.0
flan_t5_small,factual_qa/MEA_2011_8_16,C6,0.6666666666666666,0.0
flan_t5_small,factual_qa/MEA_2011_8_16,C7,0.0,0.0
flan_t5_small,factual_qa/Mercury_7108045,C2,0.0,0.3333333333333333
flan_t5_small,factual_qa/Mercury_7108045,C3,0.0,0.0
flan_t5_small,factual_qa/Mercury_7108045,C4,0.0,0.6666666666666666
flan_t5_small,factual_qa/Mercury_7108045,C5,1.0,0.0
flan_t5_small,factual_qa/Mercury_7108045,C6,1.0,0.0
flan_t5_small,factual_qa/Mercury_7108045,C7,0.0,0.0
flan_t5_small,factual_qa/Mercury_SC_407405,C2,0.0,0.0
flan_t5_small,factual_qa/Mercury_SC_407405,C3,0.0,0.0
flan_t5_small,factual_qa/Mercury_SC_407405,C4,0.0,0.0
flan_t5_small,factual_qa/Mercury_SC_407405,C5,1.0,0.0
flan_t5_small,factual_qa/Mercury_SC_407405,C6,0.0,0.0
flan_t5_small,factual_qa/Mercury_SC_407405,C7,0.0,0.0
flan_t5_small,factual_qa/LEAP__5_10319,C2,0.0,0.6666666666666666
flan_t5_small,factual_qa/LEAP__5_10319,C3,0.0,1.0
flan_t5_small,factual_qa/LEAP__5_10319,C4,0.0,0.6666666666666666
flan_t5_small,factual_qa/LEAP__5_10319,C5,1.0,0.0
flan_t5_small,factual_qa/LEAP__5_10319,C6,1.0,0.0
flan_t5_small,factual_qa/LEAP__5_10319,C7,0.0,0.0
flan_t5_small,factual_qa/TIMSS_2003_4_pg20,C2,0.0,1.0
flan_t5_small,factual_qa/TIMSS_2003_4_pg20,C3,0.0,1.0
flan_t5_small,factual_qa/TIMSS_2003_4_pg20,C4,0.0,1.0
flan_t5_small,factual_qa/TIMSS_2003_4_pg20,C5,1.0,0.0
flan_t5_small,factual_qa/TIMSS_2003_4_pg20,C6,0.3333333333333333,0.0
flan_t5_small,factual_qa/TIMSS_2003_4_pg20,C7,0.3333333333333333,0.0
flan_t5_small,factual_qa/Mercury_SC_406793,C2,0.0,1.0
flan_t5_small,factual_qa/Mercury_SC_406793,C3,0.0,1.0
flan_t5_small,factual_qa/Mercury_SC_406793,C4,0.0,1.0
flan_t5_small,factual_qa/Mercury_SC_406793,C5,1.0,0.0
flan_t5_small,factual_qa/Mercury_SC_406793,C6,0.6666666666666666,0.0
flan_t5_small,factual_qa/Mercury_SC_406793,C7,0.0,0.0
flan_t5_small,factual_qa/MCAS_2004_5_14,C2,0.0,0.0
flan_t5_small,factual_qa/MCAS_2004_5_14,C3,0.0,0.0
flan_t5_small,factual_qa/MCAS_2004_5_14,C4,0.0,0.3333333333333333
flan_t5_small,factual_qa/MCAS_2004_5_14,C5,1.0,0.0
flan_t5_small,factual_qa/MCAS_2004_5_14,C6,0.0,0.0
flan_t5_small,factual_qa/MCAS_2004_5_14,C7,0.0,0.0
flan_t5_small,factual_qa/MDSA_2009_4_24,C2,0.0,1.0
flan_t5_small,factual_qa/MDSA_2009_4_24,C3,0.0,1.0
flan_t5_small,factual_qa/MDSA_2009_4_24,C4,0.0,0.6666666666666666
flan_t5_small,factual_qa/MDSA_2009_4_24,C5,1.0,0.0
flan_t5_small,factual_qa/MDSA_2009_4_24,C6,0.6666666666666666,0.0
flan_t5_small,factual_qa/MDSA_2009_4_24,C7,0.0,0.0
flan_t5_small,factual_qa/Mercury_7101518,C2,0.0,1.0
flan_t5_small,factual_qa/Mercury_7101518,C3,0.0,1.0
flan_t5_small,factual_qa/Mercury_7101518,C4,0.0,0.3333333333333333
flan_t5_small,factual_qa/Mercury_7101518,C5,1.0,0.0
flan_t5_small,factual_qa/Mercury_7101518,C6,1.0,0.0
flan_t5_small,factual_qa/Mercury_7101518,C7,0.0,0.0
flan_t5_small,factual_qa/Mercury_SC_400233,C2,0.0,1.0
flan_t5_small,factual_qa/Mercury_SC_400233,C3,0.0,1.0
flan_t5_small,factual_qa/Mercury_SC_400233,C4,0.0,1.0
flan_t5_small,factual_qa/Mercury_SC_400233,C5,0.0,0.0
flan_t5_small,factual_qa/Mercury_SC_400233,C6,1.0,0.0
flan_t5_small,factual_qa/Mercury_SC_400233,C7,0.0,0.0
flan_t5_small,factual_qa/Mercury_7027160,C2,0.0,0.0
flan_t5_small,factual_qa/Mercury_7027160,C3,0.0,0.0
flan_t5_small,factual_qa/Mercury_7027160,C4,0.0,0.0
flan_t5_small,factual_qa/Mercury_7027160,C5,1.0,0.0
flan_t5_small,factual_qa/Mercury_7027160,C6,1.0,0.0
flan_t5_small,factual_qa/Mercury_7027160,C7,0.6666666666666666,0.0
flan_t5_small,factual_qa/TIMSS_2007_8_pg63,C2,0.0,1.0
flan_t5_small,factual_qa/TIMSS_2007_8_pg63,C3,0.0,1.0
flan_t5_small,factual_qa/TIMSS_2007_8_pg63,C4,0.0,1.0
flan_t5_small,factual_qa/TIMSS_2007_8_pg63,C5,1.0,0.0
flan_t5_small,factual_qa/TIMSS_2007_8_pg63,C6,1.0,0.0
flan_t5_small,factual_qa/TIMSS_2007_8_pg63,C7,0.3333333333333333,0.0
flan_t5_small,factual_qa/Mercury_7234273,C2,0.0,1.0
flan_t5_small,factual_qa/Mercury_7234273,C3,0.0,1.0
flan_t5_small,factual_qa/Mercury_7234273,C4,0.0,1.0
flan_t5_small,factual_qa/Mercury_7234273,C5,1.0,0.0
flan_t5_small,factual_qa/Mercury_7234273,C6,0.6666666666666666,0.0
flan_t5_small,factual_qa/Mercury_7234273,C7,0.0,0.0
flan_t5_small,factual_qa/MCAS_2004_5_33,C2,0.0,0.0
flan_t5_small,factual_qa/MCAS_2004_5_33,C3,0.0,0.0
flan_t5_small,factual_qa/MCAS_2004_5_33,C4,0.0,0.3333333333333333
flan_t5_small,factual_qa/MCAS_2004_5_33,C5,1.0,0.0
flan_t5_small,factual_qa/MCAS_2004_5_33,C6,1.0,0.0
flan_t5_small,factual_qa/MCAS_2004_5_33,C7,0.3333333333333333,0.0
flan_t5_small,factual_qa/Mercury_402093,C2,0.0,1.0
flan_t5_small,factual_qa/Mercury_402093,C3,0.0,0.0
flan_t5_small,factual_qa/Mercury_402093,C4,0.0,1.0
flan_t5_small,factual_qa/Mercury_402093,C5,1.0,0.0
flan_t5_small,factual_qa/Mercury_402093,C6,0.0,0.0
flan_t5_small,factual_qa/Mercury_402093,C7,0.0,0.0
flan_t5_small,factual_qa/NYSEDREGENTS_2012_8_40,C2,0.0,1.0
flan_t5_small,factual_qa/NYSEDREGENTS_2012_8_40,C3,0.0,1.0
flan_t5_small,factual_qa/NYSEDREGENTS_2012_8_40,C4,0.0,1.0
flan_t5_small,factual_qa/NYSEDREGENTS_2012_8_40,C5,1.0,0.0
flan_t5_small,factual_qa/NYSEDREGENTS_2012_8_40,C6,0.3333333333333333,0.0
flan_t5_small,factual_qa/NYSEDREGENTS_2012_8_40,C7,0.0,0.0
flan_t5_small,factual_qa/VASoL_2009_3_28,C2,0.0,0.3333333333333333
flan_t5_small,factual_qa/VASoL_2009_3_28,C3,0.0,0.3333333333333333
flan_t5_small,factual_qa/VASoL_2009_3_28,C4,0.0,0.6666666666666666
flan_t5_small,factual_qa/VASoL_2009_3_28,C5,1.0,0.0
flan_t5_small,factual_qa/VASoL_2009_3_28,C6,0.0,0.0
flan_t5_small,factual_qa/VASoL_2009_3_28,C7,0.0,0.0
flan_t5_small,factual_qa/Mercury_7001278,C2,0.0,0.6666666666666666
flan_t5_small,factual_qa/Mercury_7001278,C3,0.0,1.0
flan_t5_small,factual_qa/Mercury_7001278,C4,0.0,0.6666666666666666
flan_t5_small,factual_qa/Mercury_7001278,C5,1.0,0.0
flan_t5_small,factual_qa/Mercury_7001278,C6,1.0,0.0
flan_t5_small,factual_qa/Mercury_7001278,C7,0.0,0.0
flan_t5_small,factual_qa/CSZ20679,C2,0.0,0.6666666666666666
flan_t5_small,factual_qa/CSZ20679,C3,0.0,1.0
flan_t5_small,factual_qa/CSZ20679,C4,0.0,0.3333333333333333
flan_t5_small,factual_qa/CSZ20679,C5,1.0,0.0
flan_t5_small,factual_qa/CSZ20679,C6,1.0,0.0
flan_t5_small,factual_qa/CSZ20679,C7,0.3333333333333333,0.0
flan_t5_small,factual_qa/Mercury_SC_405792,C2,0.0,0.6666666666666666
flan_t5_small,factual_qa/Mercury_SC_405792,C3,0.0,1.0
flan_t5_small,factual_qa/Mercury_SC_405792,C4,0.0,0.6666666666666666
flan_t5_small,factual_qa/Mercury_SC_405792,C5,1.0,0.0
flan_t5_small,factual_qa/Mercury_SC_405792,C6,1.0,0.0
flan_t5_small,factual_qa/Mercury_SC_405792,C7,0.0,0.0
flan_t5_small,factual_qa/NYSEDREGENTS_2012_4_18,C2,0.0,0.6666666666666666
flan_t5_small,factual_qa/NYSEDREGENTS_2012_4_18,C3,0.0,0.0
flan_t5_small,factual_qa/NYSEDREGENTS_2012_4_18,C4,0.0,0.6666666666666666
flan_t5_small,factual_qa/NYSEDREGENTS_2012_4_18,C5,1.0,0.0
flan_t5_small,factual_qa/NYSEDREGENTS_2012_4_18,C6,1.0,0.0
flan_t5_small,factual_qa/NYSEDREGENTS_2012_4_18,C7,0.0,0.0
flan_t5_small,factual_qa/MCAS_2002_8_8,C2,0.0,1.0
flan_t5_small,factual_qa/MCAS_2002_8_8,C3,0.0,1.0
flan_t5_small,factual_qa/MCAS_2002_8_8,C4,0.0,1.0
flan_t5_small,factual_qa/MCAS_2002_8_8,C5,1.0,0.0
flan_t5_small,factual_qa/MCAS_2002_8_8,C6,1.0,0.0
flan_t5_small,factual_qa/MCAS_2002_8_8,C7,0.0,0.0
flan_t5_small,factual_qa/Mercury_SC_408984,C2,0.0,0.0
flan_t5_small,factual_qa/Mercury_SC_408984,C3,0.0,0.0
flan_t5_small,factual_qa/Mercury_SC_408984,C4,0.0,0.0
flan_t5_small,factual_qa/Mercury_SC_408984,C5,1.0,0.0
flan_t5_small,factual_qa/Mercury_SC_408984,C6,1.0,0.0
flan_t5_small,factual_qa/Mercury_SC_408984,C7,0.0,0.0
flan_t5_small,factual_qa/Mercury_7270113,C2,0.0,0.6666666666666666
flan_t5_small,factual_qa/Mercury_7270113,C3,0.0,1.0
flan_t5_small,factual_qa/Mercury_7270113,C4,0.0,0.6666666666666666
flan_t5_small,factual_qa/Mercury_7270113,C5,1.0,0.0
flan_t5_small,factual_qa/Mercury_7270113,C6,1.0,0.0
flan_t5_small,factual_qa/Mercury_7270113,C7,0.0,0.0
flan_t5_small,factual_qa/Mercury_7223090,C2,0.0,0.0
flan_t5_small,factual_qa/Mercury_7223090,C3,0.0,0.3333333333333333
flan_t5_small,factual_qa/Mercury_7223090,C4,0.0,0.3333333333333333
flan_t5_small,factual_qa/Mercury_7223090,C5,1.0,0.0
flan_t5_small,factual_qa/Mercury_7223090,C6,0.3333333333333333,0.0
flan_t5_small,factual_qa/Mercury_7223090,C7,0.0,0.0
flan_t5_small,factual_qa/Mercury_403232,C2,0.0,0.3333333333333333
flan_t5_small,factual_qa/Mercury_403232,C3,0.0,1.0
flan_t5_small,factual_qa/Mercury_403232,C4,0.0,0.0
flan_t5_small,factual_qa/Mercury_403232,C5,1.0,0.0
flan_t5_small,factual_qa/Mercury_403232,C6,1.0,0.0
flan_t5_small,factual_qa/Mercury_403232,C7,0.0,0.0
flan_t5_small,factual_qa/MEAP_2004_8_48,C2,0.0,1.0
flan_t5_small,factual_qa/MEAP_2004_8_48,C3,0.0,1.0
flan_t5_small,factual_qa/MEAP_2004_8_48,C4,0.0,0.6666666666666666
flan_t5_small,factual_qa/MEAP_2004_8_48,C5,1.0,0.0
flan_t5_small,factual_qa/MEAP_2004_8_48,C6,0.0,0.0
flan_t5_small,factual_qa/MEAP_2004_8_48,C7,0.0,0.0
flan_t5_small,factual_qa/NCEOGA_2013_8_48,C2,0.0,1.0
flan_t5_small,factual_qa/NCEOGA_2013_8_48,C3,0.0,0.6666666666666666
flan_t5_small,factual_qa/NCEOGA_2013_8_48,C4,0.0,0.3333333333333333
flan_t5_small,factual_qa/NCEOGA_2013_8_48,C5,1.0,0.0
flan_t5_small,factual_qa/NCEOGA_2013_8_48,C6,1.0,0.0
flan_t5_small,factual_qa/NCEOGA_2013_8_48,C7,0.3333333333333333,0.0
flan_t5_small,factual_qa/Mercury_7027108,C2,0.0,0.3333333333333333
flan_t5_small,factual_qa/Mercury_7027108,C3,0.0,0.0
flan_t5_small,factual_qa/Mercury_7027108,C4,0.0,0.3333333333333333
flan_t5_small,factual_qa/Mercury_7027108,C5,1.0,0.0
flan_t5_small,factual_qa/Mercury_7027108,C6,1.0,0.0
flan_t5_small,factual_qa/Mercury_7027108,C7,0.0,0.0
flan_t5_small,factual_qa/Mercury_7008960,C2,0.0,1.0
flan_t5_small,factual_qa/Mercury_7008960,C3,0.0,1.0
flan_t5_small,factual_qa/Mercury_7008960,C4,0.0,1.0
flan_t5_small,factual_qa/Mercury_7008960,C5,1.0,0.0
flan_t5_small,factual_qa/Mercury_7008960,C6,0.0,0.0
flan_t5_small,factual_qa/Mercury_7008960,C7,0.0,0.0
flan_t5_small,factual_qa/NCEOGA_2013_5_9,C2,0.0,0.6666666666666666
flan_t5_small,factual_qa/NCEOGA_2013_5_9,C3,0.0,0.6666666666666666
flan_t5_small,factual_qa/NCEOGA_2013_5_9,C4,0.0,0.3333333333333333
flan_t5_small,factual_qa/NCEOGA_2013_5_9,C5,1.0,0.0
flan_t5_small,factual_qa/NCEOGA_2013_5_9,C6,1.0,0.0
flan_t5_small,factual_qa/NCEOGA_2013_5_9,C7,0.0,0.0
flan_t5_small,factual_qa/Mercury_7182158,C2,0.0,1.0
flan_t5_small,factual_qa/Mercury_7182158,C3,0.0,1.0
flan_t5_small,factual_qa/Mercury_7182158,C4,0.0,1.0
flan_t5_small,factual_qa/Mercury_7182158,C5,1.0,0.0
flan_t5_small,factual_qa/Mercury_7182158,C6,0.0,0.0
flan_t5_small,factual_qa/Mercury_7182158,C7,0.3333333333333333,0.0
flan_t5_small,factual_qa/Mercury_LBS10993,C2,0.0,1.0
flan_t5_small,factual_qa/Mercury_LBS10993,C3,0.0,1.0
flan_t5_small,factual_qa/Mercury_LBS10993,C4,0.0,1.0
flan_t5_small,factual_qa/Mercury_LBS10993,C5,0.0,0.0
flan_t5_small,factual_qa/Mercury_LBS10993,C6,0.0,0.0
flan_t5_small,factual_qa/Mercury_LBS10993,C7,0.3333333333333333,0.0
flan_t5_small,factual_qa/Mercury_SC_406663,C2,0.0,0.3333333333333333
flan_t5_small,factual_qa/Mercury_SC_406663,C3,0.0,0.6666666666666666
flan_t5_small,factual_qa/Mercury_SC_406663,C4,0.0,0.3333333333333333
flan_t5_small,factual_qa/Mercury_SC_406663,C5,1.0,0.0
flan_t5_small,factual_qa/Mercury_SC_406663,C6,1.0,0.0
flan_t5_small,factual_qa/Mercury_SC_406663,C7,0.0,0.0
flan_t5_small,factual_qa/Mercury_SC_401818,C2,0.0,0.6666666666666666
flan_t5_small,factual_qa/Mercury_SC_401818,C3,0.0,0.0
flan_t5_small,factual_qa/Mercury_SC_401818,C4,0.0,0.0
flan_t5_small,factual_qa/Mercury_SC_401818,C5,1.0,0.0
flan_t5_small,factual_qa/Mercury_SC_401818,C6,0.0,0.0
flan_t5_small,factual_qa/Mercury_SC_401818,C7,0.0,0.0
flan_t5_small,factual_qa/Mercury_7248098,C2,0.0,1.0
flan_t5_small,factual_qa/Mercury_7248098,C3,0.0,1.0
flan_t5_small,factual_qa/Mercury_7248098,C4,0.0,0.0
flan_t5_small,factual_qa/Mercury_7248098,C5,1.0,0.0
flan_t5_small,factual_qa/Mercury_7248098,C6,0.3333333333333333,0.0
flan_t5_small,factual_qa/Mercury_7248098,C7,0.0,0.0
flan_t5_small,factual_qa/MCAS_2004_9_15-v1,C2,0.0,0.3333333333333333
flan_t5_small,factual_qa/MCAS_2004_9_15-v1,C3,0.0,0.0
flan_t5_small,factual_qa/MCAS_2004_9_15-v1,C4,0.0,0.3333333333333333
flan_t5_small,factual_qa/MCAS_2004_9_15-v1,C5,1.0,0.0
flan_t5_small,factual_qa/MCAS_2004_9_15-v1,C6,0.3333333333333333,0.0
flan_t5_small,factual_qa/MCAS_2004_9_15-v1,C7,0.0,0.0
flan_t5_small,factual_qa/Mercury_7120873,C2,0.0,0.3333333333333333
flan_t5_small,factual_qa/Mercury_7120873,C3,0.0,0.3333333333333333
flan_t5_small,factual_qa/Mercury_7120873,C4,0.0,0.6666666666666666
flan_t5_small,factual_qa/Mercury_7120873,C5,1.0,0.0
flan_t5_small,factual_qa/Mercury_7120873,C6,1.0,0.0
flan_t5_small,factual_qa/Mercury_7120873,C7,0.0,0.0
flan_t5_small,factual_qa/Mercury_7004183,C2,0.0,0.0
flan_t5_small,factual_qa/Mercury_7004183,C3,0.0,0.0
flan_t5_small,factual_qa/Mercury_7004183,C4,0.0,0.0
flan_t5_small,factual_qa/Mercury_7004183,C5,0.6666666666666666,0.0
flan_t5_small,factual_qa/Mercury_7004183,C6,0.0,0.0
flan_t5_small,factual_qa/Mercury_7004183,C7,0.3333333333333333,0.0
flan_t5_small,factual_qa/Mercury_402332,C2,0.0,1.0
flan_t5_small,factual_qa/Mercury_402332,C3,0.0,1.0
flan_t5_small,factual_qa/Mercury_402332,C4,0.0,1.0
flan_t5_small,factual_qa/Mercury_402332,C5,0.0,0.0
flan_t5_small,factual_qa/Mercury_402332,C6,0.6666666666666666,0.0
flan_t5_small,factual_qa/Mercury_402332,C7,0.0,0.0
flan_t5_small,factual_qa/MDSA_2007_5_57,C2,0.0,0.6666666666666666
flan_t5_small,factual_qa/MDSA_2007_5_57,C3,0.0,0.0
flan_t5_small,factual_qa/MDSA_2007_5_57,C4,0.0,0.3333333333333333
flan_t5_small,factual_qa/MDSA_2007_5_57,C5,1.0,0.0
flan_t5_small,factual_qa/MDSA_2007_5_57,C6,1.0,0.0
flan_t5_small,factual_qa/MDSA_2007_5_57,C7,0.0,0.0
flan_t5_small,factual_qa/TIMSS_2003_4_pg25,C2,0.0,0.0
flan_t5_small,factual_qa/TIMSS_2003_4_pg25,C3,0.0,0.0
flan_t5_small,factual_qa/TIMSS_2003_4_pg25,C4,0.0,0.0
flan_t5_small,factual_qa/TIMSS_2003_4_pg25,C5,0.0,0.0
flan_t5_small,factual_qa/TIMSS_2003_4_pg25,C6,0.3333333333333333,0.0
flan_t5_small,factual_qa/TIMSS_2003_4_pg25,C7,0.3333333333333333,0.0
flan_t5_small,factual_qa/MEA_2016_8_12,C2,0.0,0.0
flan_t5_small,factual_qa/MEA_2016_8_12,C3,0.0,0.0
flan_t5_small,factual_qa/MEA_2016_8_12,C4,0.0,0.0
flan_t5_small,factual_qa/MEA_2016_8_12,C5,1.0,0.0
flan_t5_small,factual_qa/MEA_2016_8_12,C6,1.0,0.0
flan_t5_small,factual_qa/MEA_2016_8_12,C7,0.3333333333333333,0.0
flan_t5_small,factual_qa/Mercury_406136,C2,0.0,0.0
flan_t5_small,factual_qa/Mercury_406136,C3,0.0,0.0
flan_t5_small,factual_qa/Mercury_406136,C4,0.0,0.3333333333333333
flan_t5_small,factual_qa/Mercury_406136,C5,1.0,0.0
flan_t5_small,factual_qa/Mercury_406136,C6,0.0,0.0
flan_t5_small,factual_qa/Mercury_406136,C7,0.0,0.0
flan_t5_small,factual_qa/Mercury_180005,C2,0.0,0.0
flan_t5_small,factual_qa/Mercury_180005,C3,0.0,0.0
flan_t5_small,factual_qa/Mercury_180005,C4,0.0,0.3333333333333333
flan_t5_small,factual_qa/Mercury_180005,C5,0.6666666666666666,0.0
flan_t5_small,factual_qa/Mercury_180005,C6,1.0,0.0
flan_t5_small,factual_qa/Mercury_180005,C7,0.3333333333333333,0.0
flan_t5_small,factual_qa/MCAS_2009_5_6511,C2,0.0,0.6666666666666666
flan_t5_small,factual_qa/MCAS_2009_5_6511,C3,0.0,1.0
flan_t5_small,factual_qa/MCAS_2009_5_6511,C4,0.0,1.0
flan_t5_small,factual_qa/MCAS_2009_5_6511,C5,1.0,0.0
flan_t5_small,factual_qa/MCAS_2009_5_6511,C6,0.0,0.0
flan_t5_small,factual_qa/MCAS_2009_5_6511,C7,0.0,0.0
flan_t5_small,factual_qa/VASoL_2009_3_2,C2,0.0,0.0
flan_t5_small,factual_qa/VASoL_2009_3_2,C3,0.0,0.0
flan_t5_small,factual_qa/VASoL_2009_3_2,C4,0.0,0.0
flan_t5_small,factual_qa/VASoL_2009_3_2,C5,1.0,0.0
flan_t5_small,factual_qa/VASoL_2009_3_2,C6,1.0,0.0
flan_t5_small,factual_qa/VASoL_2009_3_2,C7,0.0,0.0
flan_t5_small,factual_qa/ACTAAP_2014_5_4,C2,0.0,0.3333333333333333
flan_t5_small,factual_qa/ACTAAP_2014_5_4,C3,0.0,1.0
flan_t5_small,factual_qa/ACTAAP_2014_5_4,C4,0.0,0.6666666666666666
flan_t5_small,factual_qa/ACTAAP_2014_5_4,C5,1.0,0.0
flan_t5_small,factual_qa/ACTAAP_2014_5_4,C6,0.0,0.0
flan_t5_small,factual_qa/ACTAAP_2014_5_4,C7,0.0,0.0
flan_t5_small,factual_qa/TIMSS_2003_8_pg94,C2,0.0,1.0
flan_t5_small,factual_qa/TIMSS_2003_8_pg94,C3,0.0,0.0
flan_t5_small,factual_qa/TIMSS_2003_8_pg94,C4,0.0,0.3333333333333333
flan_t5_small,factual_qa/TIMSS_2003_8_pg94,C5,0.0,0.0
flan_t5_small,factual_qa/TIMSS_2003_8_pg94,C6,0.0,0.0
flan_t5_small,factual_qa/TIMSS_2003_8_pg94,C7,0.0,0.0
flan_t5_small,factual_qa/Mercury_185325,C2,0.0,1.0
flan_t5_small,factual_qa/Mercury_185325,C3,0.0,1.0
flan_t5_small,factual_qa/Mercury_185325,C4,0.0,1.0
flan_t5_small,factual_qa/Mercury_185325,C5,1.0,0.0
flan_t5_small,factual_qa/Mercury_185325,C6,0.0,0.0
flan_t5_small,factual_qa/Mercury_185325,C7,0.0,0.0
flan_t5_small,factual_qa/MCAS_2003_5_14,C2,0.0,0.6666666666666666
flan_t5_small,factual_qa/MCAS_2003_5_14,C3,0.0,1.0
flan_t5_small,factual_qa/MCAS_2003_5_14,C4,0.0,0.3333333333333333
flan_t5_small,factual_qa/MCAS_2003_5_14,C5,1.0,0.0
flan_t5_small,factual_qa/MCAS_2003_5_14,C6,0.3333333333333333,0.0
flan_t5_small,factual_qa/MCAS_2003_5_14,C7,0.0,0.0
flan_t5_small,factual_qa/Mercury_407539,C2,0.0,0.3333333333333333
flan_t5_small,factual_qa/Mercury_407539,C3,0.0,0.3333333333333333
flan_t5_small,factual_qa/Mercury_407539,C4,0.0,0.6666666666666666
flan_t5_small,factual_qa/Mercury_407539,C5,1.0,0.0
flan_t5_small,factual_qa/Mercury_407539,C6,1.0,0.0
flan_t5_small,factual_qa/Mercury_407539,C7,0.0,0.0
flan_t5_small,factual_qa/Mercury_400687,C2,0.0,0.3333333333333333
flan_t5_small,factual_qa/Mercury_400687,C3,0.0,0.0
flan_t5_small,factual_qa/Mercury_400687,C4,0.0,0.3333333333333333
flan_t5_small,factual_qa/Mercury_400687,C5,1.0,0.0
flan_t5_small,factual_qa/Mercury_400687,C6,0.0,0.0
flan_t5_small,factual_qa/Mercury_400687,C7,0.0,0.0
flan_t5_small,factual_qa/MCAS_2004_8_22,C2,0.0,0.0
flan_t5_small,factual_qa/MCAS_2004_8_22,C3,0.0,0.0
flan_t5_small,factual_qa/MCAS_2004_8_22,C4,0.0,0.0
flan_t5_small,factual_qa/MCAS_2004_8_22,C5,1.0,0.0
flan_t5_small,factual_qa/MCAS_2004_8_22,C6,1.0,0.0
flan_t5_small,factual_qa/MCAS_2004_8_22,C7,0.0,0.0
flan_t5_small,factual_qa/ACTAAP_2008_5_13,C2,0.0,1.0
flan_t5_small,factual_qa/ACTAAP_2008_5_13,C3,0.0,0.0
flan_t5_small,factual_qa/ACTAAP_2008_5_13,C4,0.0,1.0
flan_t5_small,factual_qa/ACTAAP_2008_5_13,C5,0.6666666666666666,0.0
flan_t5_small,factual_qa/ACTAAP_2008_5_13,C6,0.3333333333333333,0.0
flan_t5_small,factual_qa/ACTAAP_2008_5_13,C7,0.0,0.0
flan_t5_small,factual_qa/Mercury_7016520,C2,0.0,0.6666666666666666
flan_t5_small,factual_qa/Mercury_7016520,C3,0.0,0.6666666666666666
flan_t5_small,factual_qa/Mercury_7016520,C4,0.0,0.0
flan_t5_small,factual_qa/Mercury_7016520,C5,1.0,0.0
flan_t5_small,factual_qa/Mercury_7016520,C6,1.0,0.0
flan_t5_small,factual_qa/Mercury_7016520,C7,0.0,0.0
flan_t5_small,factual_qa/LEAP_2012_8_10440,C2,0.0,1.0
flan_t5_small,factual_qa/LEAP_2012_8_10440,C3,0.0,1.0
flan_t5_small,factual_qa/LEAP_2012_8_10440,C4,0.0,0.6666666666666666
flan_t5_small,factual_qa/LEAP_2012_8_10440,C5,1.0,0.0
flan_t5_small,factual_qa/LEAP_2012_8_10440,C6,0.3333333333333333,0.0
flan_t5_small,factual_qa/LEAP_2012_8_10440,C7,0.3333333333333333,0.0
flan_t5_small,factual_qa/Mercury_411809,C2,0.0,1.0
flan_t5_small,factual_qa/Mercury_411809,C3,0.0,1.0
flan_t5_small,factual_qa/Mercury_411809,C4,0.0,0.6666666666666666
flan_t5_small,factual_qa/Mercury_411809,C5,1.0,0.0
flan_t5_small,factual_qa/Mercury_411809,C6,0.3333333333333333,0.0
flan_t5_small,factual_qa/Mercury_411809,C7,0.0,0.0
flan_t5_small,factual_qa/VASoL_2008_5_25,C2,0.0,0.6666666666666666
flan_t5_small,factual_qa/VASoL_2008_5_25,C3,0.0,1.0
flan_t5_small,factual_qa/VASoL_2008_5_25,C4,0.0,0.6666666666666666
flan_t5_small,factual_qa/VASoL_2008_5_25,C5,1.0,0.0
flan_t5_small,factual_qa/VASoL_2008_5_25,C6,0.0,0.0
flan_t5_small,factual_qa/VASoL_2008_5_25,C7,0.0,0.0
flan_t5_small,factual_qa/Mercury_7252245,C2,0.0,1.0
flan_t5_small,factual_qa/Mercury_7252245,C3,0.0,0.0
flan_t5_small,factual_qa/Mercury_7252245,C4,0.0,0.3333333333333333
flan_t5_small,factual_qa/Mercury_7252245,C5,1.0,0.0
flan_t5_small,factual_qa/Mercury_7252245,C6,1.0,0.0
flan_t5_small,factual_qa/Mercury_7252245,C7,0.0,0.0
flan_t5_small,factual_qa/Mercury_7082758,C2,0.0,0.6666666666666666
flan_t5_small,factual_qa/Mercury_7082758,C3,0.0,0.0
flan_t5_small,factual_qa/Mercury_7082758,C4,0.0,0.3333333333333333
flan_t5_small,factual_qa/Mercury_7082758,C5,1.0,0.0
flan_t5_small,factual_qa/Mercury_7082758,C6,1.0,0.0
flan_t5_small,factual_qa/Mercury_7082758,C7,0.0,0.0
flan_t5_small,factual_qa/Mercury_7056473,C2,0.0,0.3333333333333333
flan_t5_small,factual_qa/Mercury_7056473,C3,0.0,0.0
flan_t5_small,factual_qa/Mercury_7056473,C4,0.0,0.3333333333333333
flan_t5_small,factual_qa/Mercury_7056473,C5,1.0,0.0
flan_t5_small,factual_qa/Mercury_7056473,C6,1.0,0.0
flan_t5_small,factual_qa/Mercury_7056473,C7,0.3333333333333333,0.0
flan_t5_small,factual_qa/Mercury_SC_401155,C2,0.0,0.0
flan_t5_small,factual_qa/Mercury_SC_401155,C3,0.0,0.0
flan_t5_small,factual_qa/Mercury_SC_401155,C4,0.0,0.3333333333333333
flan_t5_small,factual_qa/Mercury_SC_401155,C5,1.0,0.0
flan_t5_small,factual_qa/Mercury_SC_401155,C6,1.0,0.0
flan_t5_small,factual_qa/Mercury_SC_401155,C7,0.0,0.0
flan_t5_small,factual_qa/Mercury_SC_408556,C2,0.0,0.6666666666666666
flan_t5_small,factual_qa/Mercury_SC_408556,C3,0.0,0.3333333333333333
flan_t5_small,factual_qa/Mercury_SC_408556,C4,0.0,0.6666666666666666
flan_t5_small,factual_qa/Mercury_SC_408556,C5,1.0,0.0
flan_t5_small,factual_qa/Mercury_SC_408556,C6,0.3333333333333333,0.0
flan_t5_small,factual_qa/Mercury_SC_408556,C7,0.0,0.0
flan_t5_small,factual_qa/Mercury_SC_408439,C2,0.0,1.0
flan_t5_small,factual_qa/Mercury_SC_408439,C3,0.0,0.0
flan_t5_small,factual_qa/Mercury_SC_408439,C4,0.0,0.6666666666666666
flan_t5_small,factual_qa/Mercury_SC_408439,C5,1.0,0.0
flan_t5_small,factual_qa/Mercury_SC_408439,C6,1.0,0.0
flan_t5_small,factual_qa/Mercury_SC_408439,C7,0.0,0.0
flan_t5_small,factual_qa/Mercury_7029785,C2,0.0,0.6666666666666666
flan_t5_small,factual_qa/Mercury_7029785,C3,0.0,1.0
flan_t5_small,factual_qa/Mercury_7029785,C4,0.0,0.6666666666666666
flan_t5_small,factual_qa/Mercury_7029785,C5,1.0,0.0
flan_t5_small,factual_qa/Mercury_7029785,C6,1.0,0.0
flan_t5_small,factual_qa/Mercury_7029785,C7,0.0,0.0
flan_t5_small,factual_qa/ACTAAP_2014_7_3,C2,0.0,1.0
flan_t5_small,factual_qa/ACTAAP_2014_7_3,C3,0.0,1.0
flan_t5_small,factual_qa/ACTAAP_2014_7_3,C4,0.0,1.0
flan_t5_small,factual_qa/ACTAAP_2014_7_3,C5,1.0,0.0
flan_t5_small,factual_qa/ACTAAP_2014_7_3,C6,0.0,0.0
flan_t5_small,factual_qa/ACTAAP_2014_7_3,C7,0.0,0.0
flan_t5_small,factual_qa/Mercury_416576,C2,0.0,0.6666666666666666
flan_t5_small,factual_qa/Mercury_416576,C3,0.0,1.0
flan_t5_small,factual_qa/Mercury_416576,C4,0.0,0.3333333333333333
flan_t5_small,factual_qa/Mercury_416576,C5,1.0,0.0
flan_t5_small,factual_qa/Mercury_416576,C6,0.0,0.0
flan_t5_small,factual_qa/Mercury_416576,C7,0.3333333333333333,0.0
flan_t5_small,factual_qa/Mercury_7221463,C2,0.0,1.0
flan_t5_small,factual_qa/Mercury_7221463,C3,0.0,0.3333333333333333
flan_t5_small,factual_qa/Mercury_7221463,C4,0.0,0.6666666666666666
flan_t5_small,factual_qa/Mercury_7221463,C5,1.0,0.0
flan_t5_small,factual_qa/Mercury_7221463,C6,1.0,0.0
flan_t5_small,factual_qa/Mercury_7221463,C7,0.0,0.0
flan_t5_small,factual_qa/Mercury_7220343,C2,0.0,0.6666666666666666
flan_t5_small,factual_qa/Mercury_7220343,C3,0.0,0.0
flan_t5_small,factual_qa/Mercury_7220343,C4,0.0,0.3333333333333333
flan_t5_small,factual_qa/Mercury_7220343,C5,1.0,0.0
flan_t5_small,factual_qa/Mercury_7220343,C6,1.0,0.0
flan_t5_small,factual_qa/Mercury_7220343,C7,0.0,0.0
flan_t5_small,factual_qa/Mercury_SC_413004,C2,0.0,0.3333333333333333
flan_t5_small,factual_qa/Mercury_SC_413004,C3,0.0,0.3333333333333333
flan_t5_small,factual_qa/Mercury_SC_413004,C4,0.0,0.6666666666666666
flan_t5_small,factual_qa/Mercury_SC_413004,C5,1.0,0.0
flan_t5_small,factual_qa/Mercury_SC_413004,C6,1.0,0.0
flan_t5_small,factual_qa/Mercury_SC_413004,C7,0.0,0.0
flan_t5_small,factual_qa/MCAS_2000_4_24,C2,0.0,0.6666666666666666
flan_t5_small,factual_qa/MCAS_2000_4_24,C3,0.0,0.6666666666666666
flan_t5_small,factual_qa/MCAS_2000_4_24,C4,0.0,0.3333333333333333
flan_t5_small,factual_qa/MCAS_2000_4_24,C5,1.0,0.0
flan_t5_small,factual_qa/MCAS_2000_4_24,C6,1.0,0.0
flan_t5_small,factual_qa/MCAS_2000_4_24,C7,0.0,0.0
flan_t5_small,factual_qa/Mercury_SC_407382,C2,0.0,1.0
flan_t5_small,factual_qa/Mercury_SC_407382,C3,0.0,1.0
flan_t5_small,factual_qa/Mercury_SC_407382,C4,0.0,1.0
flan_t5_small,factual_qa/Mercury_SC_407382,C5,1.0,0.0
flan_t5_small,factual_qa/Mercury_SC_407382,C6,1.0,0.0
flan_t5_small,factual_qa/Mercury_SC_407382,C7,0.0,0.0
flan_t5_small,factual_qa/TIMSS_2007_8_pg60,C2,0.0,1.0
flan_t5_small,factual_qa/TIMSS_2007_8_pg60,C3,0.0,1.0
flan_t5_small,factual_qa/TIMSS_2007_8_pg60,C4,0.0,0.6666666666666666
flan_t5_small,factual_qa/TIMSS_2007_8_pg60,C5,1.0,0.0
flan_t5_small,factual_qa/TIMSS_2007_8_pg60,C6,1.0,0.0
flan_t5_small,factual_qa/TIMSS_2007_8_pg60,C7,0.0,0.0
flan_t5_small,factual_qa/Mercury_7188825,C2,0.0,0.0
flan_t5_small,factual_qa/Mercury_7188825,C3,0.0,0.0
flan_t5_small,factual_qa/Mercury_7188825,C4,0.0,0.3333333333333333
flan_t5_small,factual_qa/Mercury_7188825,C5,1.0,0.0
flan_t5_small,factual_qa/Mercury_7188825,C6,0.0,0.0
flan_t5_small,factual_qa/Mercury_7188825,C7,0.6666666666666666,0.0
flan_t5_small,factual_qa/Mercury_402091,C2,0.0,0.0
flan_t5_small,factual_qa/Mercury_402091,C3,0.0,0.0
flan_t5_small,factual_qa/Mercury_402091,C4,0.0,0.0
flan_t5_small,factual_qa/Mercury_402091,C5,0.6666666666666666,0.0
flan_t5_small,factual_qa/Mercury_402091,C6,0.3333333333333333,0.0
flan_t5_small,factual_qa/Mercury_402091,C7,0.0,0.0
flan_t5_small,factual_qa/NYSEDREGENTS_2012_8_26,C2,0.0,1.0
flan_t5_small,factual_qa/NYSEDREGENTS_2012_8_26,C3,0.0,1.0
flan_t5_small,factual_qa/NYSEDREGENTS_2012_8_26,C4,0.0,1.0
flan_t5_small,factual_qa/NYSEDREGENTS_2012_8_26,C5,1.0,0.0
flan_t5_small,factual_qa/NYSEDREGENTS_2012_8_26,C6,0.6666666666666666,0.0
flan_t5_small,factual_qa/NYSEDREGENTS_2012_8_26,C7,0.0,0.0
flan_t5_small,factual_qa/VASoL_2009_5_30,C2,0.0,0.0
flan_t5_small,factual_qa/VASoL_2009_5_30,C3,0.0,0.0
flan_t5_small,factual_qa/VASoL_2009_5_30,C4,0.0,0.0
flan_t5_small,factual_qa/VASoL_2009_5_30,C5,1.0,0.0
flan_t5_small,factual_qa/VASoL_2009_5_30,C6,0.3333333333333333,0.0
flan_t5_small,factual_qa/VASoL_2009_5_30,C7,0.0,0.0
flan_t5_small,factual_qa/MCAS_2004_5_2,C2,0.0,1.0
flan_t5_small,factual_qa/MCAS_2004_5_2,C3,0.0,1.0
flan_t5_small,factual_qa/MCAS_2004_5_2,C4,0.0,0.6666666666666666
flan_t5_small,factual_qa/MCAS_2004_5_2,C5,1.0,0.0
flan_t5_small,factual_qa/MCAS_2004_5_2,C6,0.3333333333333333,0.0
flan_t5_small,factual_qa/MCAS_2004_5_2,C7,0.0,0.0
flan_t5_small,factual_qa/Mercury_7217875,C2,0.0,1.0
flan_t5_small,factual_qa/Mercury_7217875,C3,0.0,0.6666666666666666
flan_t5_small,factual_qa/Mercury_7217875,C4,0.0,0.3333333333333333
flan_t5_small,factual_qa/Mercury_7217875,C5,1.0,0.0
flan_t5_small,factual_qa/Mercury_7217875,C6,1.0,0.0
flan_t5_small,factual_qa/Mercury_7217875,C7,0.3333333333333333,0.0
flan_t5_small,factual_qa/Mercury_SC_402270,C2,0.0,0.0
flan_t5_small,factual_qa/Mercury_SC_402270,C3,0.0,0.0
flan_t5_small,factual_qa/Mercury_SC_402270,C4,0.0,0.3333333333333333
flan_t5_small,factual_qa/Mercury_SC_402270,C5,1.0,0.0
flan_t5_small,factual_qa/Mercury_SC_402270,C6,1.0,0.0
flan_t5_small,factual_qa/Mercury_SC_402270,C7,0.3333333333333333,0.0
flan_t5_small,factual_qa/Mercury_SC_402994,C2,0.0,1.0
flan_t5_small,factual_qa/Mercury_SC_402994,C3,0.0,0.0
flan_t5_small,factual_qa/Mercury_SC_402994,C4,0.0,1.0
flan_t5_small,factual_qa/Mercury_SC_402994,C5,1.0,0.0
flan_t5_small,factual_qa/Mercury_SC_402994,C6,1.0,0.0
flan_t5_small,factual_qa/Mercury_SC_402994,C7,0.0,0.0
flan_t5_small,factual_qa/TIMSS_1995_8_J1,C2,0.0,0.0
flan_t5_small,factual_qa/TIMSS_1995_8_J1,C3,0.0,0.0
flan_t5_small,factual_qa/TIMSS_1995_8_J1,C4,0.0,0.0
flan_t5_small,factual_qa/TIMSS_1995_8_J1,C5,1.0,0.0
flan_t5_small,factual_qa/TIMSS_1995_8_J1,C6,1.0,0.0
flan_t5_small,factual_qa/TIMSS_1995_8_J1,C7,0.0,0.0
flan_t5_small,factual_qa/Mercury_SC_404998,C2,0.0,0.6666666666666666
flan_t5_small,factual_qa/Mercury_SC_404998,C3,0.0,0.3333333333333333
flan_t5_small,factual_qa/Mercury_SC_404998,C4,0.0,0.3333333333333333
flan_t5_small,factual_qa/Mercury_SC_404998,C5,1.0,0.0
flan_t5_small,factual_qa/Mercury_SC_404998,C6,1.0,0.0
flan_t5_small,factual_qa/Mercury_SC_404998,C7,0.0,0.0
flan_t5_small,factual_qa/Mercury_7223370,C2,0.0,0.0
flan_t5_small,factual_qa/Mercury_7223370,C3,0.0,1.0
flan_t5_small,factual_qa/Mercury_7223370,C4,0.0,0.0
flan_t5_small,factual_qa/Mercury_7223370,C5,1.0,0.0
flan_t5_small,factual_qa/Mercury_7223370,C6,1.0,0.0
flan_t5_small,factual_qa/Mercury_7223370,C7,0.3333333333333333,0.0
flan_t5_small,factual_qa/Mercury_7024273,C2,0.0,0.0
flan_t5_small,factual_qa/Mercury_7024273,C3,0.0,0.0
flan_t5_small,factual_qa/Mercury_7024273,C4,0.0,0.0
flan_t5_small,factual_qa/Mercury_7024273,C5,1.0,0.0
flan_t5_small,factual_qa/Mercury_7024273,C6,1.0,0.0
flan_t5_small,factual_qa/Mercury_7024273,C7,0.0,0.0
flan_t5_small,factual_qa/CSZ30499,C2,0.0,0.6666666666666666
flan_t5_small,factual_qa/CSZ30499,C3,0.0,0.6666666666666666
flan_t5_small,factual_qa/CSZ30499,C4,0.0,0.6666666666666666
flan_t5_small,factual_qa/CSZ30499,C5,1.0,0.0
flan_t5_small,factual_qa/CSZ30499,C6,0.0,0.0
flan_t5_small,factual_qa/CSZ30499,C7,0.3333333333333333,0.0
flan_t5_small,factual_qa/Mercury_409822,C2,0.0,1.0
flan_t5_small,factual_qa/Mercury_409822,C3,0.0,1.0
flan_t5_small,factual_qa/Mercury_409822,C4,0.0,0.6666666666666666
flan_t5_small,factual_qa/Mercury_409822,C5,1.0,0.0
flan_t5_small,factual_qa/Mercury_409822,C6,0.3333333333333333,0.0
flan_t5_small,factual_qa/Mercury_409822,C7,0.0,0.0
flan_t5_small,factual_qa/Mercury_188335,C2,0.0,0.0
flan_t5_small,factual_qa/Mercury_188335,C3,0.0,0.0
flan_t5_small,factual_qa/Mercury_188335,C4,0.0,0.0
flan_t5_small,factual_qa/Mercury_188335,C5,1.0,0.0
flan_t5_small,factual_qa/Mercury_188335,C6,0.3333333333333333,0.0
flan_t5_small,factual_qa/Mercury_188335,C7,0.0,0.0
flan_t5_small,factual_qa/Mercury_SC_408905,C2,0.0,0.0
flan_t5_small,factual_qa/Mercury_SC_408905,C3,0.0,0.0
flan_t5_small,factual_qa/Mercury_SC_408905,C4,0.0,0.3333333333333333
flan_t5_small,factual_qa/Mercury_SC_408905,C5,1.0,0.0
flan_t5_small,factual_qa/Mercury_SC_408905,C6,1.0,0.0
flan_t5_small,factual_qa/Mercury_SC_408905,C7,0.0,0.0
flan_t5_small,factual_qa/MCAS_2002_8_17,C2,0.0,0.0
flan_t5_small,factual_qa/MCAS_2002_8_17,C3,0.0,0.0
flan_t5_small,factual_qa/MCAS_2002_8_17,C4,0.0,0.0
flan_t5_small,factual_qa/MCAS_2002_8_17,C5,1.0,0.0
flan_t5_small,factual_qa/MCAS_2002_8_17,C6,0.0,0.0
flan_t5_small,factual_qa/MCAS_2002_8_17,C7,0.0,0.0
flan_t5_small,factual_qa/Mercury_SC_402057,C2,0.0,1.0
flan_t5_small,factual_qa/Mercury_SC_402057,C3,0.0,1.0
flan_t5_small,factual_qa/Mercury_SC_402057,C4,0.0,1.0
flan_t5_small,factual_qa/Mercury_SC_402057,C5,1.0,0.0
flan_t5_small,factual_qa/Mercury_SC_402057,C6,1.0,0.0
flan_t5_small,factual_qa/Mercury_SC_402057,C7,0.0,0.0
flan_t5_small,factual_qa/MEA_2016_8_2,C2,0.0,1.0
flan_t5_small,factual_qa/MEA_2016_8_2,C3,0.0,1.0
flan_t5_small,factual_qa/MEA_2016_8_2,C4,0.0,1.0
flan_t5_small,factual_qa/MEA_2016_8_2,C5,1.0,0.0
flan_t5_small,factual_qa/MEA_2016_8_2,C6,1.0,0.0
flan_t5_small,factual_qa/MEA_2016_8_2,C7,0.0,0.0
flan_t5_small,factual_qa/Mercury_7168613,C2,0.0,0.0
flan_t5_small,factual_qa/Mercury_7168613,C3,0.0,0.6666666666666666
flan_t5_small,factual_qa/Mercury_7168613,C4,0.0,0.3333333333333333
flan_t5_small,factual_qa/Mercury_7168613,C5,1.0,0.0
flan_t5_small,factual_qa/Mercury_7168613,C6,1.0,0.0
flan_t5_small,factual_qa/Mercury_7168613,C7,0.6666666666666666,0.0
flan_t5_small,factual_qa/MEAP_2005_8_33,C2,0.0,0.3333333333333333
flan_t5_small,factual_qa/MEAP_2005_8_33,C3,0.0,1.0
flan_t5_small,factual_qa/MEAP_2005_8_33,C4,0.0,0.6666666666666666
flan_t5_small,factual_qa/MEAP_2005_8_33,C5,1.0,0.0
flan_t5_small,factual_qa/MEAP_2005_8_33,C6,1.0,0.0
flan_t5_small,factual_qa/MEAP_2005_8_33,C7,0.3333333333333333,0.0
flan_t5_small,factual_qa/Mercury_7056490,C2,0.0,0.0
flan_t5_small,factual_qa/Mercury_7056490,C3,0.0,0.0
flan_t5_small,factual_qa/Mercury_7056490,C4,0.0,0.0
flan_t5_small,factual_qa/Mercury_7056490,C5,1.0,0.0
flan_t5_small,factual_qa/Mercury_7056490,C6,0.3333333333333333,0.0
flan_t5_small,factual_qa/Mercury_7056490,C7,0.3333333333333333,0.0
flan_t5_small,factual_qa/Mercury_7064260,C2,0.0,1.0
flan_t5_small,factual_qa/Mercury_7064260,C3,0.0,0.3333333333333333
flan_t5_small,factual_qa/Mercury_7064260,C4,0.0,1.0
flan_t5_small,factual_qa/Mercury_7064260,C5,1.0,0.0
flan_t5_small,factual_qa/Mercury_7064260,C6,1.0,0.0
flan_t5_small,factual_qa/Mercury_7064260,C7,0.0,0.0
flan_t5_small,factual_qa/Mercury_412701,C2,0.0,0.0
flan_t5_small,factual_qa/Mercury_412701,C3,0.0,0.0
flan_t5_small,factual_qa/Mercury_412701,C4,0.0,0.0
flan_t5_small,factual_qa/Mercury_412701,C5,1.0,0.0
flan_t5_small,factual_qa/Mercury_412701,C6,1.0,0.0
flan_t5_small,factual_qa/Mercury_412701,C7,0.0,0.0
flan_t5_small,factual_qa/Mercury_SC_400005,C2,0.0,1.0
flan_t5_small,factual_qa/Mercury_SC_400005,C3,0.0,1.0
flan_t5_small,factual_qa/Mercury_SC_400005,C4,0.0,0.6666666666666666
flan_t5_small,factual_qa/Mercury_SC_400005,C5,0.6666666666666666,0.0
flan_t5_small,factual_qa/Mercury_SC_400005,C6,0.0,0.0
flan_t5_small,factual_qa/Mercury_SC_400005,C7,0.0,0.0
flan_t5_small,factual_qa/Mercury_SC_415413,C2,0.0,1.0
flan_t5_small,factual_qa/Mercury_SC_415413,C3,0.0,1.0
flan_t5_small,factual_qa/Mercury_SC_415413,C4,0.0,0.6666666666666666
flan_t5_small,factual_qa/Mercury_SC_415413,C5,1.0,0.0
flan_t5_small,factual_qa/Mercury_SC_415413,C6,1.0,0.0
flan_t5_small,factual_qa/Mercury_SC_415413,C7,0.3333333333333333,0.0
flan_t5_small,factual_qa/MCAS_2004_5_25,C2,0.0,0.0
flan_t5_small,factual_qa/MCAS_2004_5_25,C3,0.0,0.3333333333333333
flan_t5_small,factual_qa/MCAS_2004_5_25,C4,0.0,0.6666666666666666
flan_t5_small,factual_qa/MCAS_2004_5_25,C5,1.0,0.0
flan_t5_small,factual_qa/MCAS_2004_5_25,C6,1.0,0.0
flan_t5_small,factual_qa/MCAS_2004_5_25,C7,0.3333333333333333,0.0
flan_t5_small,factual_qa/TIMSS_2007_8_pg29,C2,0.0,1.0
flan_t5_small,factual_qa/TIMSS_2007_8_pg29,C3,0.0,1.0
flan_t5_small,factual_qa/TIMSS_2007_8_pg29,C4,0.0,0.6666666666666666
flan_t5_small,factual_qa/TIMSS_2007_8_pg29,C5,1.0,0.0
flan_t5_small,factual_qa/TIMSS_2007_8_pg29,C6,0.3333333333333333,0.0
flan_t5_small,factual_qa/TIMSS_2007_8_pg29,C7,0.3333333333333333,0.0
flan_t5_small,factual_qa/Mercury_7230125,C2,0.0,0.0
flan_t5_small,factual_qa/Mercury_7230125,C3,0.0,0.0
flan_t5_small,factual_qa/Mercury_7230125,C4,0.0,0.0
flan_t5_small,factual_qa/Mercury_7230125,C5,1.0,0.0
flan_t5_small,factual_qa/Mercury_7230125,C6,0.3333333333333333,0.0
flan_t5_small,factual_qa/Mercury_7230125,C7,0.0,0.0
flan_t5_small,factual_qa/Mercury_7235673,C2,0.0,0.6666666666666666
flan_t5_small,factual_qa/Mercury_7235673,C3,0.0,0.3333333333333333
flan_t5_small,factual_qa/Mercury_7235673,C4,0.0,0.3333333333333333
flan_t5_small,factual_qa/Mercury_7235673,C5,1.0,0.0
flan_t5_small,factual_qa/Mercury_7235673,C6,0.3333333333333333,0.0
flan_t5_small,factual_qa/Mercury_7235673,C7,0.0,0.0
flan_t5_small,factual_qa/Mercury_7085873,C2,0.0,0.6666666666666666
flan_t5_small,factual_qa/Mercury_7085873,C3,0.0,0.3333333333333333
flan_t5_small,factual_qa/Mercury_7085873,C4,0.0,0.6666666666666666
flan_t5_small,factual_qa/Mercury_7085873,C5,1.0,0.0
flan_t5_small,factual_qa/Mercury_7085873,C6,0.0,0.0
flan_t5_small,factual_qa/Mercury_7085873,C7,0.0,0.0
flan_t5_small,factual_qa/Mercury_417569,C2,0.0,0.0
flan_t5_small,factual_qa/Mercury_417569,C3,0.0,0.0
flan_t5_small,factual_qa/Mercury_417569,C4,0.0,0.0
flan_t5_small,factual_qa/Mercury_417569,C5,1.0,0.0
flan_t5_small,factual_qa/Mercury_417569,C6,0.3333333333333333,0.0
flan_t5_small,factual_qa/Mercury_417569,C7,0.0,0.0
flan_t5_small,factual_qa/Mercury_7014035,C2,0.0,1.0
flan_t5_small,factual_qa/Mercury_7014035,C3,0.0,1.0
flan_t5_small,factual_qa/Mercury_7014035,C4,0.0,1.0
flan_t5_small,factual_qa/Mercury_7014035,C5,1.0,0.0
flan_t5_small,factual_qa/Mercury_7014035,C6,0.0,0.0
flan_t5_small,factual_qa/Mercury_7014035,C7,0.6666666666666666,0.0
flan_t5_small,factual_qa/Mercury_7137043,C2,0.0,0.6666666666666666
flan_t5_small,factual_qa/Mercury_7137043,C3,0.0,1.0
flan_t5_small,factual_qa/Mercury_7137043,C4,0.0,1.0
flan_t5_small,factual_qa/Mercury_7137043,C5,1.0,0.0
flan_t5_small,factual_qa/Mercury_7137043,C6,1.0,0.0
flan_t5_small,factual_qa/Mercury_7137043,C7,0.0,0.0
flan_t5_small,factual_qa/NYSEDREGENTS_2012_4_23,C2,0.0,1.0
flan_t5_small,factual_qa/NYSEDREGENTS_2012_4_23,C3,0.0,1.0
flan_t5_small,factual_qa/NYSEDREGENTS_2012_4_23,C4,0.0,0.6666666666666666
flan_t5_small,factual_qa/NYSEDREGENTS_2012_4_23,C5,1.0,0.0
flan_t5_small,factual_qa/NYSEDREGENTS_2012_4_23,C6,1.0,0.0
flan_t5_small,factual_qa/NYSEDREGENTS_2012_4_23,C7,0.0,0.0
flan_t5_small,factual_qa/Mercury_SC_LBS10611,C2,0.0,0.0
flan_t5_small,factual_qa/Mercury_SC_LBS10611,C3,0.0,0.0
flan_t5_small,factual_qa/Mercury_SC_LBS10611,C4,0.0,0.0
flan_t5_small,factual_qa/Mercury_SC_LBS10611,C5,1.0,0.0
flan_t5_small,factual_qa/Mercury_SC_LBS10611,C6,0.3333333333333333,0.0
flan_t5_small,factual_qa/Mercury_SC_LBS10611,C7,0.0,0.0
flan_t5_small,factual_qa/Mercury_SC_407710,C2,0.0,0.3333333333333333
flan_t5_small,factual_qa/Mercury_SC_407710,C3,0.0,0.0
flan_t5_small,factual_qa/Mercury_SC_407710,C4,0.0,0.0
flan_t5_small,factual_qa/Mercury_SC_407710,C5,1.0,0.0
flan_t5_small,factual_qa/Mercury_SC_407710,C6,1.0,0.0
flan_t5_small,factual_qa/Mercury_SC_407710,C7,0.0,0.0
flan_t5_small,factual_qa/Mercury_7216300,C2,0.0,0.0
flan_t5_small,factual_qa/Mercury_7216300,C3,0.0,0.0
flan_t5_small,factual_qa/Mercury_7216300,C4,0.0,0.0
flan_t5_small,factual_qa/Mercury_7216300,C5,1.0,0.0
flan_t5_small,factual_qa/Mercury_7216300,C6,1.0,0.0
flan_t5_small,factual_qa/Mercury_7216300,C7,0.0,0.0
flan_t5_small,factual_qa/Mercury_416645,C2,0.0,0.3333333333333333
flan_t5_small,factual_qa/Mercury_416645,C3,0.0,1.0
flan_t5_small,factual_qa/Mercury_416645,C4,0.0,0.0
flan_t5_small,factual_qa/Mercury_416645,C5,1.0,0.0
flan_t5_small,factual_qa/Mercury_416645,C6,1.0,0.0
flan_t5_small,factual_qa/Mercury_416645,C7,0.0,0.0
flan_t5_small,factual_qa/Mercury_SC_400057,C2,0.0,0.3333333333333333
flan_t5_small,factual_qa/Mercury_SC_400057,C3,0.0,0.0
flan_t5_small,factual_qa/Mercury_SC_400057,C4,0.0,0.6666666666666666
flan_t5_small,factual_qa/Mercury_SC_400057,C5,1.0,0.0
flan_t5_small,factual_qa/Mercury_SC_400057,C6,1.0,0.0
flan_t5_small,factual_qa/Mercury_SC_400057,C7,0.0,0.0
flan_t5_small,factual_qa/Mercury_7216790,C2,0.0,1.0
flan_t5_small,factual_qa/Mercury_7216790,C3,0.0,1.0
flan_t5_small,factual_qa/Mercury_7216790,C4,0.0,0.6666666666666666
flan_t5_small,factual_qa/Mercury_7216790,C5,1.0,0.0
flan_t5_small,factual_qa/Mercury_7216790,C6,0.6666666666666666,0.0
flan_t5_small,factual_qa/Mercury_7216790,C7,0.0,0.0
flan_t5_small,factual_qa/Mercury_7216983,C2,0.0,0.0
flan_t5_small,factual_qa/Mercury_7216983,C3,0.0,0.0
flan_t5_small,factual_qa/Mercury_7216983,C4,0.0,0.3333333333333333
flan_t5_small,factual_qa/Mercury_7216983,C5,1.0,0.0
flan_t5_small,factual_qa/Mercury_7216983,C6,1.0,0.0
flan_t5_small,factual_qa/Mercury_7216983,C7,0.3333333333333333,0.0
flan_t5_small,factual_qa/OHAT_2007_5_40,C2,0.0,1.0
flan_t5_small,factual_qa/OHAT_2007_5_40,C3,0.0,1.0
flan_t5_small,factual_qa/OHAT_2007_5_40,C4,0.0,1.0
flan_t5_small,factual_qa/OHAT_2007_5_40,C5,0.0,0.0
flan_t5_small,factual_qa/OHAT_2007_5_40,C6,1.0,0.0
flan_t5_small,factual_qa/OHAT_2007_5_40,C7,0.0,0.0
flan_t5_small,factual_qa/MCAS_2005_9_9,C2,0.0,0.0
flan_t5_small,factual_qa/MCAS_2005_9_9,C3,0.0,0.0
flan_t5_small,factual_qa/MCAS_2005_9_9,C4,0.0,0.3333333333333333
flan_t5_small,factual_qa/MCAS_2005_9_9,C5,1.0,0.0
flan_t5_small,factual_qa/MCAS_2005_9_9,C6,1.0,0.0
flan_t5_small,factual_qa/MCAS_2005_9_9,C7,0.0,0.0
flan_t5_small,factual_qa/Mercury_SC_400035,C2,0.0,0.6666666666666666
flan_t5_small,factual_qa/Mercury_SC_400035,C3,0.0,0.6666666666666666
flan_t5_small,factual_qa/Mercury_SC_400035,C4,0.0,0.3333333333333333
flan_t5_small,factual_qa/Mercury_SC_400035,C5,1.0,0.0
flan_t5_small,factual_qa/Mercury_SC_400035,C6,1.0,0.0
flan_t5_small,factual_qa/Mercury_SC_400035,C7,0.0,0.0
flan_t5_small,factual_qa/Mercury_SC_406836,C2,0.0,0.0
flan_t5_small,factual_qa/Mercury_SC_406836,C3,0.0,0.0
flan_t5_small,factual_qa/Mercury_SC_406836,C4,0.0,0.0
flan_t5_small,factual_qa/Mercury_SC_406836,C5,1.0,0.0
flan_t5_small,factual_qa/Mercury_SC_406836,C6,1.0,0.0
flan_t5_small,factual_qa/Mercury_SC_406836,C7,0.0,0.0
flan_t5_small,factual_qa/Mercury_7247013,C2,0.0,0.0
flan_t5_small,factual_qa/Mercury_7247013,C3,0.0,0.3333333333333333
flan_t5_small,factual_qa/Mercury_7247013,C4,0.0,0.0
flan_t5_small,factual_qa/Mercury_7247013,C5,1.0,0.0
flan_t5_small,factual_qa/Mercury_7247013,C6,0.3333333333333333,0.0
flan_t5_small,factual_qa/Mercury_7247013,C7,0.0,0.0
flan_t5_base,factual_qa/Mercury_SC_405120,C2,0.0,0.0
flan_t5_base,factual_qa/Mercury_SC_405120,C3,0.0,0.0
flan_t5_base,factual_qa/Mercury_SC_405120,C4,0.0,0.3333333333333333
flan_t5_base,factual_qa/Mercury_SC_405120,C5,1.0,0.0
flan_t5_base,factual_qa/Mercury_SC_405120,C6,0.6666666666666666,0.0
flan_t5_base,factual_qa/Mercury_SC_405120,C7,0.0,0.0
flan_t5_base,factual_qa/Mercury_7123533,C2,0.0,1.0
flan_t5_base,factual_qa/Mercury_7123533,C3,0.0,1.0
flan_t5_base,factual_qa/Mercury_7123533,C4,0.0,0.6666666666666666
flan_t5_base,factual_qa/Mercury_7123533,C5,1.0,0.0
flan_t5_base,factual_qa/Mercury_7123533,C6,1.0,0.0
flan_t5_base,factual_qa/Mercury_7123533,C7,0.0,0.0
flan_t5_base,factual_qa/Mercury_SC_402258,C2,0.0,0.6666666666666666
flan_t5_base,factual_qa/Mercury_SC_402258,C3,0.0,0.6666666666666666
flan_t5_base,factual_qa/Mercury_SC_402258,C4,0.0,0.6666666666666666
flan_t5_base,factual_qa/Mercury_SC_402258,C5,1.0,0.0
flan_t5_base,factual_qa/Mercury_SC_402258,C6,1.0,0.0
flan_t5_base,factual_qa/Mercury_SC_402258,C7,0.0,0.0
flan_t5_base,factual_qa/ACTAAP_2012_7_2,C2,0.0,0.3333333333333333
flan_t5_base,factual_qa/ACTAAP_2012_7_2,C3,0.0,0.0
flan_t5_base,factual_qa/ACTAAP_2012_7_2,C4,0.0,0.3333333333333333
flan_t5_base,factual_qa/ACTAAP_2012_7_2,C5,1.0,0.0
flan_t5_base,factual_qa/ACTAAP_2012_7_2,C6,1.0,0.0
flan_t5_base,factual_qa/ACTAAP_2012_7_2,C7,0.0,0.0
flan_t5_base,factual_qa/Mercury_SC_401801,C2,0.0,1.0
flan_t5_base,factual_qa/Mercury_SC_401801,C3,0.0,0.0
flan_t5_base,factual_qa/Mercury_SC_401801,C4,0.0,0.6666666666666666
flan_t5_base,factual_qa/Mercury_SC_401801,C5,1.0,0.0
flan_t5_base,factual_qa/Mercury_SC_401801,C6,1.0,0.0
flan_t5_base,factual_qa/Mercury_SC_401801,C7,0.3333333333333333,0.0
flan_t5_base,factual_qa/Mercury_SC_408243,C2,0.0,0.0
flan_t5_base,factual_qa/Mercury_SC_408243,C3,0.0,0.0
flan_t5_base,factual_qa/Mercury_SC_408243,C4,0.0,0.0
flan_t5_base,factual_qa/Mercury_SC_408243,C5,1.0,0.0
flan_t5_base,factual_qa/Mercury_SC_408243,C6,0.3333333333333333,0.0
flan_t5_base,factual_qa/Mercury_SC_408243,C7,0.3333333333333333,0.0
flan_t5_base,factual_qa/Mercury_402560,C2,0.0,0.6666666666666666
flan_t5_base,factual_qa/Mercury_402560,C3,0.0,1.0
flan_t5_base,factual_qa/Mercury_402560,C4,0.0,0.6666666666666666
flan_t5_base,factual_qa/Mercury_402560,C5,0.0,0.0
flan_t5_base,factual_qa/Mercury_402560,C6,0.0,0.0
flan_t5_base,factual_qa/Mercury_402560,C7,0.0,0.0
flan_t5_base,factual_qa/Mercury_416501,C2,0.0,1.0
flan_t5_base,factual_qa/Mercury_416501,C3,0.0,1.0
flan_t5_base,factual_qa/Mercury_416501,C4,0.0,1.0
flan_t5_base,factual_qa/Mercury_416501,C5,1.0,0.0
flan_t5_base,factual_qa/Mercury_416501,C6,0.3333333333333333,0.0
flan_t5_base,factual_qa/Mercury_416501,C7,0.0,0.0
flan_t5_base,factual_qa/Mercury_190803,C2,0.0,1.0
flan_t5_base,factual_qa/Mercury_190803,C3,0.0,1.0
flan_t5_base,factual_qa/Mercury_190803,C4,0.0,0.6666666666666666
flan_t5_base,factual_qa/Mercury_190803,C5,1.0,0.0
flan_t5_base,factual_qa/Mercury_190803,C6,0.3333333333333333,0.0
flan_t5_base,factual_qa/Mercury_190803,C7,0.0,0.0
flan_t5_base,factual_qa/Mercury_416374,C2,0.0,0.0
flan_t5_base,factual_qa/Mercury_416374,C3,0.0,0.0
flan_t5_base,factual_qa/Mercury_416374,C4,0.0,0.3333333333333333
flan_t5_base,factual_qa/Mercury_416374,C5,1.0,0.0
flan_t5_base,factual_qa/Mercury_416374,C6,0.3333333333333333,0.0
flan_t5_base,factual_qa/Mercury_416374,C7,0.0,0.0
flan_t5_base,factual_qa/Mercury_409349,C2,0.0,1.0
flan_t5_base,factual_qa/Mercury_409349,C3,0.0,0.6666666666666666
flan_t5_base,factual_qa/Mercury_409349,C4,0.0,1.0
flan_t5_base,factual_qa/Mercury_409349,C5,1.0,0.0
flan_t5_base,factual_qa/Mercury_409349,C6,0.6666666666666666,0.0
flan_t5_base,factual_qa/Mercury_409349,C7,0.0,0.0
flan_t5_base,factual_qa/ACTAAP_2014_5_5,C2,0.0,0.0
flan_t5_base,factual_qa/ACTAAP_2014_5_5,C3,0.0,0.0
flan_t5_base,factual_qa/ACTAAP_2014_5_5,C4,0.0,0.0
flan_t5_base,factual_qa/ACTAAP_2014_5_5,C5,1.0,0.0
flan_t5_base,factual_qa/ACTAAP_2014_5_5,C6,0.0,0.0
flan_t5_base,factual_qa/ACTAAP_2014_5_5,C7,0.0,0.0
flan_t5_base,factual_qa/VASoL_2008_3_25,C2,0.0,1.0
flan_t5_base,factual_qa/VASoL_2008_3_25,C3,0.0,1.0
flan_t5_base,factual_qa/VASoL_2008_3_25,C4,0.0,1.0
flan_t5_base,factual_qa/VASoL_2008_3_25,C5,0.6666666666666666,0.0
flan_t5_base,factual_qa/VASoL_2008_3_25,C6,0.0,0.0
flan_t5_base,factual_qa/VASoL_2008_3_25,C7,0.3333333333333333,0.0
flan_t5_base,factual_qa/ACTAAP_2007_7_27,C2,0.0,1.0
flan_t5_base,factual_qa/ACTAAP_2007_7_27,C3,0.0,1.0
flan_t5_base,factual_qa/ACTAAP_2007_7_27,C4,0.0,1.0
flan_t5_base,factual_qa/ACTAAP_2007_7_27,C5,0.3333333333333333,0.0
flan_t5_base,factual_qa/ACTAAP_2007_7_27,C6,0.0,0.0
flan_t5_base,factual_qa/ACTAAP_2007_7_27,C7,0.0,0.0
flan_t5_base,factual_qa/Mercury_400715,C2,0.0,0.6666666666666666
flan_t5_base,factual_qa/Mercury_400715,C3,0.0,0.0
flan_t5_base,factual_qa/Mercury_400715,C4,0.0,0.3333333333333333
flan_t5_base,factual_qa/Mercury_400715,C5,1.0,0.0
flan_t5_base,factual_qa/Mercury_400715,C6,1.0,0.0
flan_t5_base,factual_qa/Mercury_400715,C7,0.0,0.0
flan_t5_base,factual_qa/Mercury_SC_406626,C2,0.0,1.0
flan_t5_base,factual_qa/Mercury_SC_406626,C3,0.0,1.0
flan_t5_base,factual_qa/Mercury_SC_406626,C4,0.0,1.0
flan_t5_base,factual_qa/Mercury_SC_406626,C5,1.0,0.0
flan_t5_base,factual_qa/Mercury_SC_406626,C6,0.0,0.0
flan_t5_base,factual_qa/Mercury_SC_406626,C7,0.0,0.0
flan_t5_base,factual_qa/Mercury_7143080,C2,0.0,0.0
flan_t5_base,factual_qa/Mercury_7143080,C3,0.0,0.0
flan_t5_base,factual_qa/Mercury_7143080,C4,0.0,0.3333333333333333
flan_t5_base,factual_qa/Mercury_7143080,C5,1.0,0.0
flan_t5_base,factual_qa/Mercury_7143080,C6,1.0,0.0
flan_t5_base,factual_qa/Mercury_7143080,C7,0.0,0.0
flan_t5_base,factual_qa/MEA_2010_8_13,C2,0.0,0.3333333333333333
flan_t5_base,factual_qa/MEA_2010_8_13,C3,0.0,0.3333333333333333
flan_t5_base,factual_qa/MEA_2010_8_13,C4,0.0,0.0
flan_t5_base,factual_qa/MEA_2010_8_13,C5,1.0,0.0
flan_t5_base,factual_qa/MEA_2010_8_13,C6,1.0,0.0
flan_t5_base,factual_qa/MEA_2010_8_13,C7,0.0,0.0
flan_t5_base,factual_qa/NYSEDREGENTS_2012_8_31,C2,0.0,1.0
flan_t5_base,factual_qa/NYSEDREGENTS_2012_8_31,C3,0.0,1.0
flan_t5_base,factual_qa/NYSEDREGENTS_2012_8_31,C4,0.0,1.0
flan_t5_base,factual_qa/NYSEDREGENTS_2012_8_31,C5,1.0,0.0
flan_t5_base,factual_qa/NYSEDREGENTS_2012_8_31,C6,1.0,0.0
flan_t5_base,factual_qa/NYSEDREGENTS_2012_8_31,C7,0.3333333333333333,0.0
flan_t5_base,factual_qa/Mercury_401502,C2,0.0,0.0
flan_t5_base,factual_qa/Mercury_401502,C3,0.0,0.0
flan_t5_base,factual_qa/Mercury_401502,C4,0.0,0.0
flan_t5_base,factual_qa/Mercury_401502,C5,1.0,0.0
flan_t5_base,factual_qa/Mercury_401502,C6,1.0,0.0
flan_t5_base,factual_qa/Mercury_401502,C7,0.0,0.0
flan_t5_base,factual_qa/Mercury_7234028,C2,0.0,0.0
flan_t5_base,factual_qa/Mercury_7234028,C3,0.0,0.0
flan_t5_base,factual_qa/Mercury_7234028,C4,0.0,0.3333333333333333
flan_t5_base,factual_qa/Mercury_7234028,C5,1.0,0.0
flan_t5_base,factual_qa/Mercury_7234028,C6,1.0,0.0
flan_t5_base,factual_qa/Mercury_7234028,C7,0.0,0.0
flan_t5_base,factual_qa/ACTAAP_2014_7_5,C2,0.0,1.0
flan_t5_base,factual_qa/ACTAAP_2014_7_5,C3,0.0,1.0
flan_t5_base,factual_qa/ACTAAP_2014_7_5,C4,0.0,1.0
flan_t5_base,factual_qa/ACTAAP_2014_7_5,C5,1.0,0.0
flan_t5_base,factual_qa/ACTAAP_2014_7_5,C6,0.3333333333333333,0.0
flan_t5_base,factual_qa/ACTAAP_2014_7_5,C7,0.3333333333333333,0.0
flan_t5_base,factual_qa/Mercury_SC_401611,C2,0.0,0.3333333333333333
flan_t5_base,factual_qa/Mercury_SC_401611,C3,0.0,0.0
flan_t5_base,factual_qa/Mercury_SC_401611,C4,0.0,0.0
flan_t5_base,factual_qa/Mercury_SC_401611,C5,1.0,0.0
flan_t5_base,factual_qa/Mercury_SC_401611,C6,0.0,0.0
flan_t5_base,factual_qa/Mercury_SC_401611,C7,0.0,0.0
flan_t5_base,factual_qa/Mercury_SC_408991,C2,0.0,0.6666666666666666
flan_t5_base,factual_qa/Mercury_SC_408991,C3,0.0,0.3333333333333333
flan_t5_base,factual_qa/Mercury_SC_408991,C4,0.0,0.3333333333333333
flan_t5_base,factual_qa/Mercury_SC_408991,C5,1.0,0.0
flan_t5_base,factual_qa/Mercury_SC_408991,C6,1.0,0.0
flan_t5_base,factual_qa/Mercury_SC_408991,C7,0.0,0.0
flan_t5_base,factual_qa/MCAS_2004_5_16,C2,0.0,1.0
flan_t5_base,factual_qa/MCAS_2004_5_16,C3,0.0,1.0
flan_t5_base,factual_qa/MCAS_2004_5_16,C4,0.0,1.0
flan_t5_base,factual_qa/MCAS_2004_5_16,C5,1.0,0.0
flan_t5_base,factual_qa/MCAS_2004_5_16,C6,1.0,0.0
flan_t5_base,factual_qa/MCAS_2004_5_16,C7,0.0,0.0
flan_t5_base,factual_qa/Mercury_SC_415394,C2,0.0,0.3333333333333333
flan_t5_base,factual_qa/Mercury_SC_415394,C3,0.0,0.3333333333333333
flan_t5_base,factual_qa/Mercury_SC_415394,C4,0.0,0.3333333333333333
flan_t5_base,factual_qa/Mercury_SC_415394,C5,1.0,0.0
flan_t5_base,factual_qa/Mercury_SC_415394,C6,0.3333333333333333,0.0
flan_t5_base,factual_qa/Mercury_SC_415394,C7,0.0,0.0
flan_t5_base,factual_qa/Mercury_SC_407228,C2,0.0,0.0
flan_t5_base,factual_qa/Mercury_SC_407228,C3,0.0,0.0
flan_t5_base,factual_qa/Mercury_SC_407228,C4,0.0,0.0
flan_t5_base,factual_qa/Mercury_SC_407228,C5,1.0,0.0
flan_t5_base,factual_qa/Mercury_SC_407228,C6,0.3333333333333333,0.0
flan_t5_base,factual_qa/Mercury_SC_407228,C7,0.0,0.0
flan_t5_base,factual_qa/MCAS_2010_8_12015,C2,0.0,1.0
flan_t5_base,factual_qa/MCAS_2010_8_12015,C3,0.0,1.0
flan_t5_base,factual_qa/MCAS_2010_8_12015,C4,0.0,0.6666666666666666
flan_t5_base,factual_qa/MCAS_2010_8_12015,C5,0.0,0.0
flan_t5_base,factual_qa/MCAS_2010_8_12015,C6,0.0,0.0
flan_t5_base,factual_qa/MCAS_2010_8_12015,C7,0.0,0.0
flan_t5_base,factual_qa/Mercury_416651,C2,0.0,1.0
flan_t5_base,factual_qa/Mercury_416651,C3,0.0,1.0
flan_t5_base,factual_qa/Mercury_416651,C4,0.0,0.3333333333333333
flan_t5_base,factual_qa/Mercury_416651,C5,1.0,0.0
flan_t5_base,factual_qa/Mercury_416651,C6,0.0,0.0
flan_t5_base,factual_qa/Mercury_416651,C7,0.3333333333333333,0.0
flan_t5_base,factual_qa/Mercury_7182210,C2,0.0,0.0
flan_t5_base,factual_qa/Mercury_7182210,C3,0.0,0.0
flan_t5_base,factual_qa/Mercury_7182210,C4,0.0,0.0
flan_t5_base,factual_qa/Mercury_7182210,C5,1.0,0.0
flan_t5_base,factual_qa/Mercury_7182210,C6,1.0,0.0
flan_t5_base,factual_qa/Mercury_7182210,C7,0.0,0.0
flan_t5_base,factual_qa/Mercury_SC_400041,C2,0.0,1.0
flan_t5_base,factual_qa/Mercury_SC_400041,C3,0.0,1.0
flan_t5_base,factual_qa/Mercury_SC_400041,C4,0.0,1.0
flan_t5_base,factual_qa/Mercury_SC_400041,C5,1.0,0.0
flan_t5_base,factual_qa/Mercury_SC_400041,C6,0.0,0.0
flan_t5_base,factual_qa/Mercury_SC_400041,C7,0.3333333333333333,0.0
flan_t5_base,factual_qa/Mercury_7008593,C2,0.0,1.0
flan_t5_base,factual_qa/Mercury_7008593,C3,0.0,0.3333333333333333
flan_t5_base,factual_qa/Mercury_7008593,C4,0.0,1.0
flan_t5_base,factual_qa/Mercury_7008593,C5,0.0,0.0
flan_t5_base,factual_qa/Mercury_7008593,C6,1.0,0.0
flan_t5_base,factual_qa/Mercury_7008593,C7,0.0,0.0
flan_t5_base,factual_qa/MDSA_2009_8_29,C2,0.0,0.3333333333333333
flan_t5_base,factual_qa/MDSA_2009_8_29,C3,0.0,0.0
flan_t5_base,factual_qa/MDSA_2009_8_29,C4,0.0,0.3333333333333333
flan_t5_base,factual_qa/MDSA_2009_8_29,C5,1.0,0.0
flan_t5_base,factual_qa/MDSA_2009_8_29,C6,1.0,0.0
flan_t5_base,factual_qa/MDSA_2009_8_29,C7,0.0,0.0
flan_t5_base,factual_qa/Mercury_SC_401272,C2,0.0,0.0
flan_t5_base,factual_qa/Mercury_SC_401272,C3,0.0,0.0
flan_t5_base,factual_qa/Mercury_SC_401272,C4,0.0,0.0
flan_t5_base,factual_qa/Mercury_SC_401272,C5,1.0,0.0
flan_t5_base,factual_qa/Mercury_SC_401272,C6,1.0,0.0
flan_t5_base,factual_qa/Mercury_SC_401272,C7,0.0,0.0
flan_t5_base,factual_qa/Mercury_176855,C2,0.0,0.6666666666666666
flan_t5_base,factual_qa/Mercury_176855,C3,0.0,1.0
flan_t5_base,factual_qa/Mercury_176855,C4,0.0,0.3333333333333333
flan_t5_base,factual_qa/Mercury_176855,C5,0.0,0.0
flan_t5_base,factual_qa/Mercury_176855,C6,0.0,0.0
flan_t5_base,factual_qa/Mercury_176855,C7,0.0,0.0
flan_t5_base,factual_qa/NYSEDREGENTS_2010_4_9,C2,0.0,1.0
flan_t5_base,factual_qa/NYSEDREGENTS_2010_4_9,C3,0.0,0.6666666666666666
flan_t5_base,factual_qa/NYSEDREGENTS_2010_4_9,C4,0.0,0.6666666666666666
flan_t5_base,factual_qa/NYSEDREGENTS_2010_4_9,C5,1.0,0.0
flan_t5_base,factual_qa/NYSEDREGENTS_2010_4_9,C6,1.0,0.0
flan_t5_base,factual_qa/NYSEDREGENTS_2010_4_9,C7,0.0,0.0
flan_t5_base,factual_qa/Mercury_7271355,C2,0.0,1.0
flan_t5_base,factual_qa/Mercury_7271355,C3,0.0,0.0
flan_t5_base,factual_qa/Mercury_7271355,C4,0.0,0.3333333333333333
flan_t5_base,factual_qa/Mercury_7271355,C5,1.0,0.0
flan_t5_base,factual_qa/Mercury_7271355,C6,1.0,0.0
flan_t5_base,factual_qa/Mercury_7271355,C7,0.0,0.0
flan_t5_base,factual_qa/Mercury_SC_408629,C2,0.0,0.6666666666666666
flan_t5_base,factual_qa/Mercury_SC_408629,C3,0.0,1.0
flan_t5_base,factual_qa/Mercury_SC_408629,C4,0.0,0.6666666666666666
flan_t5_base,factual_qa/Mercury_SC_408629,C5,1.0,0.0
flan_t5_base,factual_qa/Mercury_SC_408629,C6,1.0,0.0
flan_t5_base,factual_qa/Mercury_SC_408629,C7,0.0,0.0
flan_t5_base,factual_qa/Mercury_7270270,C2,0.0,0.6666666666666666
flan_t5_base,factual_qa/Mercury_7270270,C3,0.0,0.3333333333333333
flan_t5_base,factual_qa/Mercury_7270270,C4,0.0,0.3333333333333333
flan_t5_base,factual_qa/Mercury_7270270,C5,1.0,0.0
flan_t5_base,factual_qa/Mercury_7270270,C6,0.0,0.0
flan_t5_base,factual_qa/Mercury_7270270,C7,0.3333333333333333,0.0
flan_t5_base,factual_qa/Mercury_SC_LBS10616,C2,0.0,0.6666666666666666
flan_t5_base,factual_qa/Mercury_SC_LBS10616,C3,0.0,0.3333333333333333
flan_t5_base,factual_qa/Mercury_SC_LBS10616,C4,0.0,0.0
flan_t5_base,factual_qa/Mercury_SC_LBS10616,C5,1.0,0.0
flan_t5_base,factual_qa/Mercury_SC_LBS10616,C6,1.0,0.0
flan_t5_base,factual_qa/Mercury_SC_LBS10616,C7,0.0,0.0
flan_t5_base,factual_qa/Mercury_7110968,C2,0.0,0.6666666666666666
flan_t5_base,factual_qa/Mercury_7110968,C3,0.0,0.0
flan_t5_base,factual_qa/Mercury_7110968,C4,0.0,0.3333333333333333
flan_t5_base,factual_qa/Mercury_7110968,C5,1.0,0.0
flan_t5_base,factual_qa/Mercury_7110968,C6,1.0,0.0
flan_t5_base,factual_qa/Mercury_7110968,C7,0.0,0.0
flan_t5_base,factual_qa/Mercury_7245123,C2,0.0,0.3333333333333333
flan_t5_base,factual_qa/Mercury_7245123,C3,0.0,0.3333333333333333
flan_t5_base,factual_qa/Mercury_7245123,C4,0.0,0.3333333333333333
flan_t5_base,factual_qa/Mercury_7245123,C5,1.0,0.0
flan_t5_base,factual_qa/Mercury_7245123,C6,1.0,0.0
flan_t5_base,factual_qa/Mercury_7245123,C7,0.0,0.0
flan_t5_base,factual_qa/VASoL_2009_5_12,C2,0.0,1.0
flan_t5_base,factual_qa/VASoL_2009_5_12,C3,0.0,1.0
flan_t5_base,factual_qa/VASoL_2009_5_12,C4,0.0,1.0
flan_t5_base,factual_qa/VASoL_2009_5_12,C5,0.6666666666666666,0.0
flan_t5_base,factual_qa/VASoL_2009_5_12,C6,1.0,0.0
flan_t5_base,factual_qa/VASoL_2009_5_12,C7,0.3333333333333333,0.0
flan_t5_base,factual_qa/Mercury_402501,C2,0.0,0.0
flan_t5_base,factual_qa/Mercury_402501,C3,0.0,0.0
flan_t5_base,factual_qa/Mercury_402501,C4,0.0,0.0
flan_t5_base,factual_qa/Mercury_402501,C5,1.0,0.0
flan_t5_base,factual_qa/Mercury_402501,C6,1.0,0.0
flan_t5_base,factual_qa/Mercury_402501,C7,0.0,0.0
flan_t5_base,factual_qa/Mercury_7009713,C2,0.0,1.0
flan_t5_base,factual_qa/Mercury_7009713,C3,0.0,0.0
flan_t5_base,factual_qa/Mercury_7009713,C4,0.0,0.0
flan_t5_base,factual_qa/Mercury_7009713,C5,1.0,0.0
flan_t5_base,factual_qa/Mercury_7009713,C6,1.0,0.0
flan_t5_base,factual_qa/Mercury_7009713,C7,0.0,0.0
flan_t5_base,factual_qa/Mercury_416502,C2,0.0,1.0
flan_t5_base,factual_qa/Mercury_416502,C3,0.0,1.0
flan_t5_base,factual_qa/Mercury_416502,C4,0.0,0.6666666666666666
flan_t5_base,factual_qa/Mercury_416502,C5,1.0,0.0
flan_t5_base,factual_qa/Mercury_416502,C6,0.0,0.0
flan_t5_base,factual_qa/Mercury_416502,C7,0.3333333333333333,0.0
flan_t5_base,factual_qa/Mercury_7092278,C2,0.0,0.0
flan_t5_base,factual_qa/Mercury_7092278,C3,0.0,0.0
flan_t5_base,factual_qa/Mercury_7092278,C4,0.0,0.0
flan_t5_base,factual_qa/Mercury_7092278,C5,1.0,0.0
flan_t5_base,factual_qa/Mercury_7092278,C6,1.0,0.0
flan_t5_base,factual_qa/Mercury_7092278,C7,0.3333333333333333,0.0
flan_t5_base,factual_qa/MDSA_2008_8_29,C2,0.0,0.6666666666666666
flan_t5_base,factual_qa/MDSA_2008_8_29,C3,0.0,0.0
flan_t5_base,factual_qa/MDSA_2008_8_29,C4,0.0,0.0
flan_t5_base,factual_qa/MDSA_2008_8_29,C5,1.0,0.0
flan_t5_base,factual_qa/MDSA_2008_8_29,C6,0.0,0.0
flan_t5_base,factual_qa/MDSA_2008_8_29,C7,0.3333333333333333,0.0
flan_t5_base,factual_qa/Mercury_7217980,C2,0.0,1.0
flan_t5_base,factual_qa/Mercury_7217980,C3,0.0,1.0
flan_t5_base,factual_qa/Mercury_7217980,C4,0.0,1.0
flan_t5_base,factual_qa/Mercury_7217980,C5,1.0,0.0
flan_t5_base,factual_qa/Mercury_7217980,C6,1.0,0.0
flan_t5_base,factual_qa/Mercury_7217980,C7,0.0,0.0
flan_t5_base,factual_qa/Mercury_SC_LBS10902,C2,0.0,0.6666666666666666
flan_t5_base,factual_qa/Mercury_SC_LBS10902,C3,0.0,1.0
flan_t5_base,factual_qa/Mercury_SC_LBS10902,C4,0.0,0.6666666666666666
flan_t5_base,factual_qa/Mercury_SC_LBS10902,C5,1.0,0.0
flan_t5_base,factual_qa/Mercury_SC_LBS10902,C6,0.0,0.0
flan_t5_base,factual_qa/Mercury_SC_LBS10902,C7,0.3333333333333333,0.0
flan_t5_base,factual_qa/Mercury_180828,C2,0.0,0.0
flan_t5_base,factual_qa/Mercury_180828,C3,0.0,0.0
flan_t5_base,factual_qa/Mercury_180828,C4,0.0,0.0
flan_t5_base,factual_qa/Mercury_180828,C5,1.0,0.0
flan_t5_base,factual_qa/Mercury_180828,C6,1.0,0.0
flan_t5_base,factual_qa/Mercury_180828,C7,0.0,0.0
flan_t5_base,factual_qa/Mercury_7111125,C2,0.0,0.0
flan_t5_base,factual_qa/Mercury_7111125,C3,0.0,0.0
flan_t5_base,factual_qa/Mercury_7111125,C4,0.0,0.0
flan_t5_base,factual_qa/Mercury_7111125,C5,1.0,0.0
flan_t5_base,factual_qa/Mercury_7111125,C6,1.0,0.0
flan_t5_base,factual_qa/Mercury_7111125,C7,0.0,0.0
flan_t5_base,factual_qa/Mercury_SC_401587,C2,0.0,0.0
flan_t5_base,factual_qa/Mercury_SC_401587,C3,0.0,0.0
flan_t5_base,factual_qa/Mercury_SC_401587,C4,0.0,0.3333333333333333
flan_t5_base,factual_qa/Mercury_SC_401587,C5,1.0,0.0
flan_t5_base,factual_qa/Mercury_SC_401587,C6,1.0,0.0
flan_t5_base,factual_qa/Mercury_SC_401587,C7,0.0,0.0
flan_t5_base,factual_qa/Mercury_SC_413242,C2,0.0,1.0
flan_t5_base,factual_qa/Mercury_SC_413242,C3,0.0,0.3333333333333333
flan_t5_base,factual_qa/Mercury_SC_413242,C4,0.0,0.0
flan_t5_base,factual_qa/Mercury_SC_413242,C5,1.0,0.0
flan_t5_base,factual_qa/Mercury_SC_413242,C6,1.0,0.0
flan_t5_base,factual_qa/Mercury_SC_413242,C7,0.0,0.0
flan_t5_base,factual_qa/Mercury_7001295,C2,0.0,0.3333333333333333
flan_t5_base,factual_qa/Mercury_7001295,C3,0.0,0.6666666666666666
flan_t5_base,factual_qa/Mercury_7001295,C4,0.0,0.0
flan_t5_base,factual_qa/Mercury_7001295,C5,1.0,0.0
flan_t5_base,factual_qa/Mercury_7001295,C6,1.0,0.0
flan_t5_base,factual_qa/Mercury_7001295,C7,0.0,0.0
flan_t5_base,factual_qa/ACTAAP_2014_7_4,C2,0.0,0.3333333333333333
flan_t5_base,factual_qa/ACTAAP_2014_7_4,C3,0.0,0.0
flan_t5_base,factual_qa/ACTAAP_2014_7_4,C4,0.0,0.0
flan_t5_base,factual_qa/ACTAAP_2014_7_4,C5,1.0,0.0
flan_t5_base,factual_qa/ACTAAP_2014_7_4,C6,1.0,0.0
flan_t5_base,factual_qa/ACTAAP_2014_7_4,C7,0.0,0.0
flan_t5_base,factual_qa/Mercury_7018270,C2,0.0,0.3333333333333333
flan_t5_base,factual_qa/Mercury_7018270,C3,0.0,1.0
flan_t5_base,factual_qa/Mercury_7018270,C4,0.0,0.6666666666666666
flan_t5_base,factual_qa/Mercury_7018270,C5,1.0,0.0
flan_t5_base,factual_qa/Mercury_7018270,C6,1.0,0.0
flan_t5_base,factual_qa/Mercury_7018270,C7,0.0,0.0
flan_t5_base,factual_qa/Mercury_SC_406000,C2,0.0,0.0
flan_t5_base,factual_qa/Mercury_SC_406000,C3,0.0,0.0
flan_t5_base,factual_qa/Mercury_SC_406000,C4,0.0,0.0
flan_t5_base,factual_qa/Mercury_SC_406000,C5,1.0,0.0
flan_t5_base,factual_qa/Mercury_SC_406000,C6,0.0,0.0
flan_t5_base,factual_qa/Mercury_SC_406000,C7,0.0,0.0
flan_t5_base,factual_qa/Mercury_SC_400604,C2,0.0,0.3333333333333333
flan_t5_base,factual_qa/Mercury_SC_400604,C3,0.0,0.0
flan_t5_base,factual_qa/Mercury_SC_400604,C4,0.0,0.0
flan_t5_base,factual_qa/Mercury_SC_400604,C5,1.0,0.0
flan_t5_base,factual_qa/Mercury_SC_400604,C6,0.3333333333333333,0.0
flan_t5_base,factual_qa/Mercury_SC_400604,C7,0.0,0.0
flan_t5_base,factual_qa/NYSEDREGENTS_2008_8_36,C2,0.0,0.3333333333333333
flan_t5_base,factual_qa/NYSEDREGENTS_2008_8_36,C3,0.0,0.0
flan_t5_base,factual_qa/NYSEDREGENTS_2008_8_36,C4,0.0,0.0
flan_t5_base,factual_qa/NYSEDREGENTS_2008_8_36,C5,1.0,0.0
flan_t5_base,factual_qa/NYSEDREGENTS_2008_8_36,C6,1.0,0.0
flan_t5_base,factual_qa/NYSEDREGENTS_2008_8_36,C7,0.0,0.0
flan_t5_base,factual_qa/FCAT_2008_5_1,C2,0.0,0.3333333333333333
flan_t5_base,factual_qa/FCAT_2008_5_1,C3,0.0,0.0
flan_t5_base,factual_qa/FCAT_2008_5_1,C4,0.0,0.0
flan_t5_base,factual_qa/FCAT_2008_5_1,C5,1.0,0.0
flan_t5_base,factual_qa/FCAT_2008_5_1,C6,1.0,0.0
flan_t5_base,factual_qa/FCAT_2008_5_1,C7,0.3333333333333333,0.0
flan_t5_base,factual_qa/MCAS_2005_5_34,C2,0.0,0.0
flan_t5_base,factual_qa/MCAS_2005_5_34,C3,0.0,0.6666666666666666
flan_t5_base,factual_qa/MCAS_2005_5_34,C4,0.0,0.0
flan_t5_base,factual_qa/MCAS_2005_5_34,C5,1.0,0.0
flan_t5_base,factual_qa/MCAS_2005_5_34,C6,1.0,0.0
flan_t5_base,factual_qa/MCAS_2005_5_34,C7,0.0,0.0
flan_t5_base,factual_qa/Mercury_7284008,C2,0.0,1.0
flan_t5_base,factual_qa/Mercury_7284008,C3,0.0,1.0
flan_t5_base,factual_qa/Mercury_7284008,C4,0.0,1.0
flan_t5_base,factual_qa/Mercury_7284008,C5,0.0,0.0
flan_t5_base,factual_qa/Mercury_7284008,C6,0.0,0.0
flan_t5_base,factual_qa/Mercury_7284008,C7,0.6666666666666666,0.0
flan_t5_base,factual_qa/Mercury_7103600,C2,0.0,1.0
flan_t5_base,factual_qa/Mercury_7103600,C3,0.0,1.0
flan_t5_base,factual_qa/Mercury_7103600,C4,0.0,0.3333333333333333
flan_t5_base,factual_qa/Mercury_7103600,C5,1.0,0.0
flan_t5_base,factual_qa/Mercury_7103600,C6,1.0,0.0
flan_t5_base,factual_qa/Mercury_7103600,C7,0.0,0.0
flan_t5_base,factual_qa/Mercury_186568,C2,0.0,0.3333333333333333
flan_t5_base,factual_qa/Mercury_186568,C3,0.0,0.6666666666666666
flan_t5_base,factual_qa/Mercury_186568,C4,0.0,0.3333333333333333
flan_t5_base,factual_qa/Mercury_186568,C5,1.0,0.0
flan_t5_base,factual_qa/Mercury_186568,C6,1.0,0.0
flan_t5_base,factual_qa/Mercury_186568,C7,0.0,0.0
flan_t5_base,factual_qa/ACTAAP_2011_5_13,C2,0.0,0.6666666666666666
flan_t5_base,factual_qa/ACTAAP_2011_5_13,C3,0.0,0.0
flan_t5_base,factual_qa/ACTAAP_2011_5_13,C4,0.0,0.3333333333333333
flan_t5_base,factual_qa/ACTAAP_2011_5_13,C5,1.0,0.0
flan_t5_base,factual_qa/ACTAAP_2011_5_13,C6,1.0,0.0
flan_t5_base,factual_qa/ACTAAP_2011_5_13,C7,0.0,0.0
flan_t5_base,factual_qa/Mercury_406427,C2,0.0,0.0
flan_t5_base,factual_qa/Mercury_406427,C3,0.0,0.3333333333333333
flan_t5_base,factual_qa/Mercury_406427,C4,0.0,0.3333333333333333
flan_t5_base,factual_qa/Mercury_406427,C5,1.0,0.0
flan_t5_base,factual_qa/Mercury_406427,C6,1.0,0.0
flan_t5_base,factual_qa/Mercury_406427,C7,0.0,0.0
flan_t5_base,factual_qa/Mercury_7263428,C2,0.0,1.0
flan_t5_base,factual_qa/Mercury_7263428,C3,0.0,1.0
flan_t5_base,factual_qa/Mercury_7263428,C4,0.0,1.0
flan_t5_base,factual_qa/Mercury_7263428,C5,0.0,0.0
flan_t5_base,factual_qa/Mercury_7263428,C6,0.3333333333333333,0.0
flan_t5_base,factual_qa/Mercury_7263428,C7,0.0,0.0
flan_t5_base,factual_qa/OHAT_2009_5_42,C2,0.0,0.3333333333333333
flan_t5_base,factual_qa/OHAT_2009_5_42,C3,0.0,0.3333333333333333
flan_t5_base,factual_qa/OHAT_2009_5_42,C4,0.0,0.3333333333333333
flan_t5_base,factual_qa/OHAT_2009_5_42,C5,1.0,0.0
flan_t5_base,factual_qa/OHAT_2009_5_42,C6,1.0,0.0
flan_t5_base,factual_qa/OHAT_2009_5_42,C7,0.0,0.0
flan_t5_base,factual_qa/Mercury_7106698,C2,0.0,1.0
flan_t5_base,factual_qa/Mercury_7106698,C3,0.0,0.0
flan_t5_base,factual_qa/Mercury_7106698,C4,0.0,0.3333333333333333
flan_t5_base,factual_qa/Mercury_7106698,C5,1.0,0.0
flan_t5_base,factual_qa/Mercury_7106698,C6,0.0,0.0
flan_t5_base,factual_qa/Mercury_7106698,C7,0.0,0.0
flan_t5_base,factual_qa/Mercury_405143,C2,0.0,0.6666666666666666
flan_t5_base,factual_qa/Mercury_405143,C3,0.0,0.6666666666666666
flan_t5_base,factual_qa/Mercury_405143,C4,0.0,0.0
flan_t5_base,factual_qa/Mercury_405143,C5,1.0,0.0
flan_t5_base,factual_qa/Mercury_405143,C6,1.0,0.0
flan_t5_base,factual_qa/Mercury_405143,C7,0.0,0.0
flan_t5_base,factual_qa/Mercury_184328,C2,0.0,0.6666666666666666
flan_t5_base,factual_qa/Mercury_184328,C3,0.0,1.0
flan_t5_base,factual_qa/Mercury_184328,C4,0.0,0.6666666666666666
flan_t5_base,factual_qa/Mercury_184328,C5,1.0,0.0
flan_t5_base,factual_qa/Mercury_184328,C6,0.0,0.0
flan_t5_base,factual_qa/Mercury_184328,C7,0.0,0.0
flan_t5_base,factual_qa/Mercury_7018533,C2,0.0,0.6666666666666666
flan_t5_base,factual_qa/Mercury_7018533,C3,0.0,1.0
flan_t5_base,factual_qa/Mercury_7018533,C4,0.0,0.6666666666666666
flan_t5_base,factual_qa/Mercury_7018533,C5,0.0,0.0
flan_t5_base,factual_qa/Mercury_7018533,C6,0.0,0.0
flan_t5_base,factual_qa/Mercury_7018533,C7,0.0,0.0
flan_t5_base,factual_qa/Mercury_SC_409577,C2,0.0,0.6666666666666666
flan_t5_base,factual_qa/Mercury_SC_409577,C3,0.0,0.3333333333333333
flan_t5_base,factual_qa/Mercury_SC_409577,C4,0.0,0.3333333333333333
flan_t5_base,factual_qa/Mercury_SC_409577,C5,1.0,0.0
flan_t5_base,factual_qa/Mercury_SC_409577,C6,1.0,0.0
flan_t5_base,factual_qa/Mercury_SC_409577,C7,0.0,0.0
flan_t5_base,factual_qa/Mercury_7236320,C2,0.0,0.3333333333333333
flan_t5_base,factual_qa/Mercury_7236320,C3,0.0,0.6666666666666666
flan_t5_base,factual_qa/Mercury_7236320,C4,0.0,0.3333333333333333
flan_t5_base,factual_qa/Mercury_7236320,C5,1.0,0.0
flan_t5_base,factual_qa/Mercury_7236320,C6,0.0,0.0
flan_t5_base,factual_qa/Mercury_7236320,C7,0.0,0.0
flan_t5_base,factual_qa/Mercury_184730,C2,0.0,0.6666666666666666
flan_t5_base,factual_qa/Mercury_184730,C3,0.0,0.6666666666666666
flan_t5_base,factual_qa/Mercury_184730,C4,0.0,0.3333333333333333
flan_t5_base,factual_qa/Mercury_184730,C5,1.0,0.0
flan_t5_base,factual_qa/Mercury_184730,C6,1.0,0.0
flan_t5_base,factual_qa/Mercury_184730,C7,0.0,0.0
flan_t5_base,factual_qa/Mercury_SC_400603,C2,0.0,1.0
flan_t5_base,factual_qa/Mercury_SC_400603,C3,0.0,1.0
flan_t5_base,factual_qa/Mercury_SC_400603,C4,0.0,1.0
flan_t5_base,factual_qa/Mercury_SC_400603,C5,1.0,0.0
flan_t5_base,factual_qa/Mercury_SC_400603,C6,1.0,0.0
flan_t5_base,factual_qa/Mercury_SC_400603,C7,0.0,0.0
flan_t5_base,factual_qa/Mercury_SC_405784,C2,0.0,1.0
flan_t5_base,factual_qa/Mercury_SC_405784,C3,0.0,1.0
flan_t5_base,factual_qa/Mercury_SC_405784,C4,0.0,1.0
flan_t5_base,factual_qa/Mercury_SC_405784,C5,1.0,0.0
flan_t5_base,factual_qa/Mercury_SC_405784,C6,0.0,0.0
flan_t5_base,factual_qa/Mercury_SC_405784,C7,0.0,0.0
flan_t5_base,factual_qa/Mercury_7168140,C2,0.0,1.0
flan_t5_base,factual_qa/Mercury_7168140,C3,0.0,1.0
flan_t5_base,factual_qa/Mercury_7168140,C4,0.0,0.3333333333333333
flan_t5_base,factual_qa/Mercury_7168140,C5,1.0,0.0
flan_t5_base,factual_qa/Mercury_7168140,C6,0.0,0.0
flan_t5_base,factual_qa/Mercury_7168140,C7,0.3333333333333333,0.0
flan_t5_base,factual_qa/Mercury_7186130,C2,0.0,0.6666666666666666
flan_t5_base,factual_qa/Mercury_7186130,C3,0.0,0.3333333333333333
flan_t5_base,factual_qa/Mercury_7186130,C4,0.0,0.3333333333333333
flan_t5_base,factual_qa/Mercury_7186130,C5,1.0,0.0
flan_t5_base,factual_qa/Mercury_7186130,C6,0.0,0.0
flan_t5_base,factual_qa/Mercury_7186130,C7,0.0,0.0
flan_t5_base,factual_qa/AKDE&ED_2012_8_48,C2,0.0,0.0
flan_t5_base,factual_qa/AKDE&ED_2012_8_48,C3,0.0,1.0
flan_t5_base,factual_qa/AKDE&ED_2012_8_48,C4,0.0,0.6666666666666666
flan_t5_base,factual_qa/AKDE&ED_2012_8_48,C5,1.0,0.0
flan_t5_base,factual_qa/AKDE&ED_2012_8_48,C6,0.3333333333333333,0.0
flan_t5_base,factual_qa/AKDE&ED_2012_8_48,C7,0.0,0.0
flan_t5_base,factual_qa/MCAS_2006_8_25,C2,0.0,0.6666666666666666
flan_t5_base,factual_qa/MCAS_2006_8_25,C3,0.0,0.0
flan_t5_base,factual_qa/MCAS_2006_8_25,C4,0.0,0.0
flan_t5_base,factual_qa/MCAS_2006_8_25,C5,1.0,0.0
flan_t5_base,factual_qa/MCAS_2006_8_25,C6,0.3333333333333333,0.0
flan_t5_base,factual_qa/MCAS_2006_8_25,C7,0.0,0.0
flan_t5_base,factual_qa/Mercury_SC_400376,C2,0.0,0.0
flan_t5_base,factual_qa/Mercury_SC_400376,C3,0.0,0.6666666666666666
flan_t5_base,factual_qa/Mercury_SC_400376,C4,0.0,0.0
flan_t5_base,factual_qa/Mercury_SC_400376,C5,1.0,0.0
flan_t5_base,factual_qa/Mercury_SC_400376,C6,1.0,0.0
flan_t5_base,factual_qa/Mercury_SC_400376,C7,0.0,0.0
flan_t5_base,factual_qa/Mercury_SC_416136,C2,0.0,0.0
flan_t5_base,factual_qa/Mercury_SC_416136,C3,0.0,0.0
flan_t5_base,factual_qa/Mercury_SC_416136,C4,0.0,0.0
flan_t5_base,factual_qa/Mercury_SC_416136,C5,1.0,0.0
flan_t5_base,factual_qa/Mercury_SC_416136,C6,1.0,0.0
flan_t5_base,factual_qa/Mercury_SC_416136,C7,0.0,0.0
flan_t5_base,factual_qa/AKDE&ED_2008_8_7,C2,0.0,0.0
flan_t5_base,factual_qa/AKDE&ED_2008_8_7,C3,0.0,0.0
flan_t5_base,factual_qa/AKDE&ED_2008_8_7,C4,0.0,0.0
flan_t5_base,factual_qa/AKDE&ED_2008_8_7,C5,1.0,0.0
flan_t5_base,factual_qa/AKDE&ED_2008_8_7,C6,1.0,0.0
flan_t5_base,factual_qa/AKDE&ED_2008_8_7,C7,0.3333333333333333,0.0
flan_t5_base,factual_qa/Mercury_7137078,C2,0.0,0.0
flan_t5_base,factual_qa/Mercury_7137078,C3,0.0,0.3333333333333333
flan_t5_base,factual_qa/Mercury_7137078,C4,0.0,0.0
flan_t5_base,factual_qa/Mercury_7137078,C5,1.0,0.0
flan_t5_base,factual_qa/Mercury_7137078,C6,1.0,0.0
flan_t5_base,factual_qa/Mercury_7137078,C7,0.0,0.0
flan_t5_base,factual_qa/MEA_2010_8_2,C2,0.0,0.0
flan_t5_base,factual_qa/MEA_2010_8_2,C3,0.0,0.0
flan_t5_base,factual_qa/MEA_2010_8_2,C4,0.0,0.0
flan_t5_base,factual_qa/MEA_2010_8_2,C5,1.0,0.0
flan_t5_base,factual_qa/MEA_2010_8_2,C6,1.0,0.0
flan_t5_base,factual_qa/MEA_2010_8_2,C7,0.0,0.0
flan_t5_base,factual_qa/Mercury_407661,C2,0.0,1.0
flan_t5_base,factual_qa/Mercury_407661,C3,0.0,1.0
flan_t5_base,factual_qa/Mercury_407661,C4,0.0,1.0
flan_t5_base,factual_qa/Mercury_407661,C5,1.0,0.0
flan_t5_base,factual_qa/Mercury_407661,C6,0.3333333333333333,0.0
flan_t5_base,factual_qa/Mercury_407661,C7,0.3333333333333333,0.0
flan_t5_base,factual_qa/MEA_2016_8_19,C2,0.0,0.6666666666666666
flan_t5_base,factual_qa/MEA_2016_8_19,C3,0.0,1.0
flan_t5_base,factual_qa/MEA_2016_8_19,C4,0.0,0.6666666666666666
flan_t5_base,factual_qa/MEA_2016_8_19,C5,0.3333333333333333,0.0
flan_t5_base,factual_qa/MEA_2016_8_19,C6,1.0,0.0
flan_t5_base,factual_qa/MEA_2016_8_19,C7,0.0,0.0
flan_t5_base,factual_qa/Mercury_7016415,C2,0.0,0.0
flan_t5_base,factual_qa/Mercury_7016415,C3,0.0,0.3333333333333333
flan_t5_base,factual_qa/Mercury_7016415,C4,0.0,0.3333333333333333
flan_t5_base,factual_qa/Mercury_7016415,C5,1.0,0.0
flan_t5_base,factual_qa/Mercury_7016415,C6,1.0,0.0
flan_t5_base,factual_qa/Mercury_7016415,C7,0.0,0.0
flan_t5_base,factual_qa/Mercury_415082,C2,0.0,0.0
flan_t5_base,factual_qa/Mercury_415082,C3,0.0,0.0
flan_t5_base,factual_qa/Mercury_415082,C4,0.0,0.0
flan_t5_base,factual_qa/Mercury_415082,C5,1.0,0.0
flan_t5_base,factual_qa/Mercury_415082,C6,1.0,0.0
flan_t5_base,factual_qa/Mercury_415082,C7,0.0,0.0
flan_t5_base,factual_qa/Mercury_SC_400523,C2,0.0,1.0
flan_t5_base,factual_qa/Mercury_SC_400523,C3,0.0,0.0
flan_t5_base,factual_qa/Mercury_SC_400523,C4,0.0,0.0
flan_t5_base,factual_qa/Mercury_SC_400523,C5,1.0,0.0
flan_t5_base,factual_qa/Mercury_SC_400523,C6,0.0,0.0
flan_t5_base,factual_qa/Mercury_SC_400523,C7,0.3333333333333333,0.0
flan_t5_base,factual_qa/MCAS_1998_8_12,C2,0.0,0.3333333333333333
flan_t5_base,factual_qa/MCAS_1998_8_12,C3,0.0,0.0
flan_t5_base,factual_qa/MCAS_1998_8_12,C4,0.0,0.0
flan_t5_base,factual_qa/MCAS_1998_8_12,C5,1.0,0.0
flan_t5_base,factual_qa/MCAS_1998_8_12,C6,1.0,0.0
flan_t5_base,factual_qa/MCAS_1998_8_12,C7,0.0,0.0
flan_t5_base,factual_qa/Mercury_416593,C2,0.0,0.3333333333333333
flan_t5_base,factual_qa/Mercury_416593,C3,0.0,0.0
flan_t5_base,factual_qa/Mercury_416593,C4,0.0,0.0
flan_t5_base,factual_qa/Mercury_416593,C5,1.0,0.0
flan_t5_base,factual_qa/Mercury_416593,C6,1.0,0.0
flan_t5_base,factual_qa/Mercury_416593,C7,0.0,0.0
flan_t5_base,factual_qa/AKDE&ED_2008_8_20,C2,0.0,0.0
flan_t5_base,factual_qa/AKDE&ED_2008_8_20,C3,0.0,0.3333333333333333
flan_t5_base,factual_qa/AKDE&ED_2008_8_20,C4,0.0,0.0
flan_t5_base,factual_qa/AKDE&ED_2008_8_20,C5,1.0,0.0
flan_t5_base,factual_qa/AKDE&ED_2008_8_20,C6,0.6666666666666666,0.0
flan_t5_base,factual_qa/AKDE&ED_2008_8_20,C7,0.0,0.0
flan_t5_base,factual_qa/TIMSS_2011_4_pg27,C2,0.0,0.3333333333333333
flan_t5_base,factual_qa/TIMSS_2011_4_pg27,C3,0.0,0.3333333333333333
flan_t5_base,factual_qa/TIMSS_2011_4_pg27,C4,0.0,0.6666666666666666
flan_t5_base,factual_qa/TIMSS_2011_4_pg27,C5,1.0,0.0
flan_t5_base,factual_qa/TIMSS_2011_4_pg27,C6,1.0,0.0
flan_t5_base,factual_qa/TIMSS_2011_4_pg27,C7,0.0,0.0
flan_t5_base,factual_qa/Mercury_7161298,C2,0.0,0.3333333333333333
flan_t5_base,factual_qa/Mercury_7161298,C3,0.0,0.6666666666666666
flan_t5_base,factual_qa/Mercury_7161298,C4,0.0,0.3333333333333333
flan_t5_base,factual_qa/Mercury_7161298,C5,1.0,0.0
flan_t5_base,factual_qa/Mercury_7161298,C6,0.6666666666666666,0.0
flan_t5_base,factual_qa/Mercury_7161298,C7,0.3333333333333333,0.0
flan_t5_base,factual_qa/MSA_2015_8_30,C2,0.0,0.3333333333333333
flan_t5_base,factual_qa/MSA_2015_8_30,C3,0.0,0.0
flan_t5_base,factual_qa/MSA_2015_8_30,C4,0.0,0.0
flan_t5_base,factual_qa/MSA_2015_8_30,C5,1.0,0.0
flan_t5_base,factual_qa/MSA_2015_8_30,C6,1.0,0.0
flan_t5_base,factual_qa/MSA_2015_8_30,C7,0.0,0.0
flan_t5_base,factual_qa/Mercury_SC_401817,C2,0.0,0.3333333333333333
flan_t5_base,factual_qa/Mercury_SC_401817,C3,0.0,0.0
flan_t5_base,factual_qa/Mercury_SC_401817,C4,0.0,0.3333333333333333
flan_t5_base,factual_qa/Mercury_SC_401817,C5,1.0,0.0
flan_t5_base,factual_qa/Mercury_SC_401817,C6,1.0,0.0
flan_t5_base,factual_qa/Mercury_SC_401817,C7,0.3333333333333333,0.0
flan_t5_base,factual_qa/Mercury_7017728,C2,0.0,1.0
flan_t5_base,factual_qa/Mercury_7017728,C3,0.0,0.3333333333333333
flan_t5_base,factual_qa/Mercury_7017728,C4,0.0,0.3333333333333333
flan_t5_base,factual_qa/Mercury_7017728,C5,1.0,0.0
flan_t5_base,factual_qa/Mercury_7017728,C6,0.3333333333333333,0.0
flan_t5_base,factual_qa/Mercury_7017728,C7,0.3333333333333333,0.0
flan_t5_base,factual_qa/Mercury_7206063,C2,0.0,1.0
flan_t5_base,factual_qa/Mercury_7206063,C3,0.0,1.0
flan_t5_base,factual_qa/Mercury_7206063,C4,0.0,0.6666666666666666
flan_t5_base,factual_qa/Mercury_7206063,C5,1.0,0.0
flan_t5_base,factual_qa/Mercury_7206063,C6,1.0,0.0
flan_t5_base,factual_qa/Mercury_7206063,C7,0.0,0.0
flan_t5_base,factual_qa/Mercury_7083405,C2,0.0,1.0
flan_t5_base,factual_qa/Mercury_7083405,C3,0.0,1.0
flan_t5_base,factual_qa/Mercury_7083405,C4,0.0,0.6666666666666666
flan_t5_base,factual_qa/Mercury_7083405,C5,1.0,0.0
flan_t5_base,factual_qa/Mercury_7083405,C6,0.3333333333333333,0.0
flan_t5_base,factual_qa/Mercury_7083405,C7,0.0,0.0
flan_t5_base,factual_qa/Mercury_7234518,C2,0.0,0.0
flan_t5_base,factual_qa/Mercury_7234518,C3,0.0,0.6666666666666666
flan_t5_base,factual_qa/Mercury_7234518,C4,0.0,0.3333333333333333
flan_t5_base,factual_qa/Mercury_7234518,C5,1.0,0.0
flan_t5_base,factual_qa/Mercury_7234518,C6,1.0,0.0
flan_t5_base,factual_qa/Mercury_7234518,C7,0.0,0.0
flan_t5_base,factual_qa/Mercury_405452,C2,0.0,0.3333333333333333
flan_t5_base,factual_qa/Mercury_405452,C3,0.0,0.0
flan_t5_base,factual_qa/Mercury_405452,C4,0.0,0.3333333333333333
flan_t5_base,factual_qa/Mercury_405452,C5,1.0,0.0
flan_t5_base,factual_qa/Mercury_405452,C6,0.0,0.0
flan_t5_base,factual_qa/Mercury_405452,C7,0.0,0.0
flan_t5_base,factual_qa/Mercury_187198,C2,0.0,0.0
flan_t5_base,factual_qa/Mercury_187198,C3,0.0,0.0
flan_t5_base,factual_qa/Mercury_187198,C4,0.0,0.3333333333333333
flan_t5_base,factual_qa/Mercury_187198,C5,1.0,0.0
flan_t5_base,factual_qa/Mercury_187198,C6,1.0,0.0
flan_t5_base,factual_qa/Mercury_187198,C7,0.0,0.0
flan_t5_base,factual_qa/Mercury_412681,C2,0.0,0.6666666666666666
flan_t5_base,factual_qa/Mercury_412681,C3,0.0,0.3333333333333333
flan_t5_base,factual_qa/Mercury_412681,C4,0.0,0.6666666666666666
flan_t5_base,factual_qa/Mercury_412681,C5,1.0,0.0
flan_t5_base,factual_qa/Mercury_412681,C6,1.0,0.0
flan_t5_base,factual_qa/Mercury_412681,C7,0.0,0.0
flan_t5_base,factual_qa/NYSEDREGENTS_2008_8_24,C2,0.0,0.0
flan_t5_base,factual_qa/NYSEDREGENTS_2008_8_24,C3,0.0,0.0
flan_t5_base,factual_qa/NYSEDREGENTS_2008_8_24,C4,0.0,0.0
flan_t5_base,factual_qa/NYSEDREGENTS_2008_8_24,C5,1.0,0.0
flan_t5_base,factual_qa/NYSEDREGENTS_2008_8_24,C6,0.3333333333333333,0.0
flan_t5_base,factual_qa/NYSEDREGENTS_2008_8_24,C7,0.3333333333333333,0.0
flan_t5_base,factual_qa/NYSEDREGENTS_2010_8_12,C2,0.0,0.6666666666666666
flan_t5_base,factual_qa/NYSEDREGENTS_2010_8_12,C3,0.0,0.6666666666666666
flan_t5_base,factual_qa/NYSEDREGENTS_2010_8_12,C4,0.0,0.0
flan_t5_base,factual_qa/NYSEDREGENTS_2010_8_12,C5,0.3333333333333333,0.0
flan_t5_base,factual_qa/NYSEDREGENTS_2010_8_12,C6,0.0,0.0
flan_t5_base,factual_qa/NYSEDREGENTS_2010_8_12,C7,0.0,0.0
flan_t5_base,factual_qa/LEAP_2000_8_1,C2,0.0,0.6666666666666666
flan_t5_base,factual_qa/LEAP_2000_8_1,C3,0.0,1.0
flan_t5_base,factual_qa/LEAP_2000_8_1,C4,0.0,0.0
flan_t5_base,factual_qa/LEAP_2000_8_1,C5,1.0,0.0
flan_t5_base,factual_qa/LEAP_2000_8_1,C6,1.0,0.0
flan_t5_base,factual_qa/LEAP_2000_8_1,C7,0.3333333333333333,0.0
flan_t5_base,factual_qa/Mercury_7268258,C2,0.0,1.0
flan_t5_base,factual_qa/Mercury_7268258,C3,0.0,1.0
flan_t5_base,factual_qa/Mercury_7268258,C4,0.0,1.0
flan_t5_base,factual_qa/Mercury_7268258,C5,0.0,0.0
flan_t5_base,factual_qa/Mercury_7268258,C6,0.6666666666666666,0.0
flan_t5_base,factual_qa/Mercury_7268258,C7,0.0,0.0
flan_t5_base,factual_qa/Mercury_7200340,C2,0.0,0.0
flan_t5_base,factual_qa/Mercury_7200340,C3,0.0,0.0
flan_t5_base,factual_qa/Mercury_7200340,C4,0.0,0.0
flan_t5_base,factual_qa/Mercury_7200340,C5,1.0,0.0
flan_t5_base,factual_qa/Mercury_7200340,C6,0.3333333333333333,0.0
flan_t5_base,factual_qa/Mercury_7200340,C7,0.0,0.0
flan_t5_base,factual_qa/Mercury_7207113,C2,0.0,0.6666666666666666
flan_t5_base,factual_qa/Mercury_7207113,C3,0.0,0.3333333333333333
flan_t5_base,factual_qa/Mercury_7207113,C4,0.0,0.3333333333333333
flan_t5_base,factual_qa/Mercury_7207113,C5,1.0,0.0
flan_t5_base,factual_qa/Mercury_7207113,C6,0.6666666666666666,0.0
flan_t5_base,factual_qa/Mercury_7207113,C7,0.3333333333333333,0.0
flan_t5_base,factual_qa/Mercury_LBS10287,C2,0.0,1.0
flan_t5_base,factual_qa/Mercury_LBS10287,C3,0.0,1.0
flan_t5_base,factual_qa/Mercury_LBS10287,C4,0.0,1.0
flan_t5_base,factual_qa/Mercury_LBS10287,C5,1.0,0.0
flan_t5_base,factual_qa/Mercury_LBS10287,C6,1.0,0.0
flan_t5_base,factual_qa/Mercury_LBS10287,C7,0.0,0.0
flan_t5_base,factual_qa/NYSEDREGENTS_2012_4_13,C2,0.0,0.6666666666666666
flan_t5_base,factual_qa/NYSEDREGENTS_2012_4_13,C3,0.0,0.0
flan_t5_base,factual_qa/NYSEDREGENTS_2012_4_13,C4,0.0,0.3333333333333333
flan_t5_base,factual_qa/NYSEDREGENTS_2012_4_13,C5,1.0,0.0
flan_t5_base,factual_qa/NYSEDREGENTS_2012_4_13,C6,0.3333333333333333,0.0
flan_t5_base,factual_qa/NYSEDREGENTS_2012_4_13,C7,0.3333333333333333,0.0
flan_t5_base,factual_qa/Mercury_7239890,C2,0.0,1.0
flan_t5_base,factual_qa/Mercury_7239890,C3,0.0,1.0
flan_t5_base,factual_qa/Mercury_7239890,C4,0.0,0.6666666666666666
flan_t5_base,factual_qa/Mercury_7239890,C5,1.0,0.0
flan_t5_base,factual_qa/Mercury_7239890,C6,0.0,0.0
flan_t5_base,factual_qa/Mercury_7239890,C7,0.0,0.0
flan_t5_base,factual_qa/MSA_2012_5_13,C2,0.0,1.0
flan_t5_base,factual_qa/MSA_2012_5_13,C3,0.0,1.0
flan_t5_base,factual_qa/MSA_2012_5_13,C4,0.0,1.0
flan_t5_base,factual_qa/MSA_2012_5_13,C5,1.0,0.0
flan_t5_base,factual_qa/MSA_2012_5_13,C6,1.0,0.0
flan_t5_base,factual_qa/MSA_2012_5_13,C7,0.3333333333333333,0.0
flan_t5_base,factual_qa/Mercury_SC_415417,C2,0.0,1.0
flan_t5_base,factual_qa/Mercury_SC_415417,C3,0.0,1.0
flan_t5_base,factual_qa/Mercury_SC_415417,C4,0.0,1.0
flan_t5_base,factual_qa/Mercury_SC_415417,C5,1.0,0.0
flan_t5_base,factual_qa/Mercury_SC_415417,C6,1.0,0.0
flan_t5_base,factual_qa/Mercury_SC_415417,C7,0.0,0.0
flan_t5_base,factual_qa/Mercury_SC_402103,C2,0.0,0.0
flan_t5_base,factual_qa/Mercury_SC_402103,C3,0.0,0.0
flan_t5_base,factual_qa/Mercury_SC_402103,C4,0.0,0.0
flan_t5_base,factual_qa/Mercury_SC_402103,C5,1.0,0.0
flan_t5_base,factual_qa/Mercury_SC_402103,C6,1.0,0.0
flan_t5_base,factual_qa/Mercury_SC_402103,C7,0.0,0.0
flan_t5_base,factual_qa/Mercury_SC_405496,C2,0.0,1.0
flan_t5_base,factual_qa/Mercury_SC_405496,C3,0.0,1.0
flan_t5_base,factual_qa/Mercury_SC_405496,C4,0.0,0.3333333333333333
flan_t5_base,factual_qa/Mercury_SC_405496,C5,1.0,0.0
flan_t5_base,factual_qa/Mercury_SC_405496,C6,1.0,0.0
flan_t5_base,factual_qa/Mercury_SC_405496,C7,0.0,0.0
flan_t5_base,factual_qa/Mercury_7136885,C2,0.0,0.0
flan_t5_base,factual_qa/Mercury_7136885,C3,0.0,0.0
flan_t5_base,factual_qa/Mercury_7136885,C4,0.0,0.0
flan_t5_base,factual_qa/Mercury_7136885,C5,1.0,0.0
flan_t5_base,factual_qa/Mercury_7136885,C6,1.0,0.0
flan_t5_base,factual_qa/Mercury_7136885,C7,0.0,0.0
flan_t5_base,factual_qa/Mercury_7009853,C2,0.0,0.0
flan_t5_base,factual_qa/Mercury_7009853,C3,0.0,0.0
flan_t5_base,factual_qa/Mercury_7009853,C4,0.0,0.0
flan_t5_base,factual_qa/Mercury_7009853,C5,1.0,0.0
flan_t5_base,factual_qa/Mercury_7009853,C6,0.6666666666666666,0.0
flan_t5_base,factual_qa/Mercury_7009853,C7,0.0,0.0
flan_t5_base,factual_qa/MDSA_2008_8_25,C2,0.0,0.6666666666666666
flan_t5_base,factual_qa/MDSA_2008_8_25,C3,0.0,1.0
flan_t5_base,factual_qa/MDSA_2008_8_25,C4,0.0,1.0
flan_t5_base,factual_qa/MDSA_2008_8_25,C5,1.0,0.0
flan_t5_base,factual_qa/MDSA_2008_8_25,C6,1.0,0.0
flan_t5_base,factual_qa/MDSA_2008_8_25,C7,0.0,0.0
flan_t5_base,factual_qa/Mercury_7025095,C2,0.0,1.0
flan_t5_base,factual_qa/Mercury_7025095,C3,0.0,1.0
flan_t5_base,factual_qa/Mercury_7025095,C4,0.0,1.0
flan_t5_base,factual_qa/Mercury_7025095,C5,1.0,0.0
flan_t5_base,factual_qa/Mercury_7025095,C6,1.0,0.0
flan_t5_base,factual_qa/Mercury_7025095,C7,0.0,0.0
flan_t5_base,factual_qa/TIMSS_2011_4_pg51,C2,0.0,1.0
flan_t5_base,factual_qa/TIMSS_2011_4_pg51,C3,0.0,1.0
flan_t5_base,factual_qa/TIMSS_2011_4_pg51,C4,0.0,1.0
flan_t5_base,factual_qa/TIMSS_2011_4_pg51,C5,1.0,0.0
flan_t5_base,factual_qa/TIMSS_2011_4_pg51,C6,0.3333333333333333,0.0
flan_t5_base,factual_qa/TIMSS_2011_4_pg51,C7,0.0,0.0
flan_t5_base,factual_qa/Mercury_SC_LBS10276,C2,0.0,1.0
flan_t5_base,factual_qa/Mercury_SC_LBS10276,C3,0.0,1.0
flan_t5_base,factual_qa/Mercury_SC_LBS10276,C4,0.0,1.0
flan_t5_base,factual_qa/Mercury_SC_LBS10276,C5,1.0,0.0
flan_t5_base,factual_qa/Mercury_SC_LBS10276,C6,0.0,0.0
flan_t5_base,factual_qa/Mercury_SC_LBS10276,C7,0.0,0.0
flan_t5_base,factual_qa/Mercury_7115255,C2,0.0,1.0
flan_t5_base,factual_qa/Mercury_7115255,C3,0.0,1.0
flan_t5_base,factual_qa/Mercury_7115255,C4,0.0,0.0
flan_t5_base,factual_qa/Mercury_7115255,C5,1.0,0.0
flan_t5_base,factual_qa/Mercury_7115255,C6,1.0,0.0
flan_t5_base,factual_qa/Mercury_7115255,C7,0.0,0.0
flan_t5_base,factual_qa/Mercury_7163328,C2,0.0,0.0
flan_t5_base,factual_qa/Mercury_7163328,C3,0.0,0.0
flan_t5_base,factual_qa/Mercury_7163328,C4,0.0,0.0
flan_t5_base,factual_qa/Mercury_7163328,C5,1.0,0.0
flan_t5_base,factual_qa/Mercury_7163328,C6,0.3333333333333333,0.0
flan_t5_base,factual_qa/Mercury_7163328,C7,0.3333333333333333,0.0
flan_t5_base,factual_qa/Mercury_416638,C2,0.0,0.6666666666666666
flan_t5_base,factual_qa/Mercury_416638,C3,0.0,0.6666666666666666
flan_t5_base,factual_qa/Mercury_416638,C4,0.0,0.3333333333333333
flan_t5_base,factual_qa/Mercury_416638,C5,1.0,0.0
flan_t5_base,factual_qa/Mercury_416638,C6,0.0,0.0
flan_t5_base,factual_qa/Mercury_416638,C7,0.0,0.0
flan_t5_base,factual_qa/Mercury_SC_LBS10269,C2,0.0,1.0
flan_t5_base,factual_qa/Mercury_SC_LBS10269,C3,0.0,0.0
flan_t5_base,factual_qa/Mercury_SC_LBS10269,C4,0.0,0.6666666666666666
flan_t5_base,factual_qa/Mercury_SC_LBS10269,C5,0.6666666666666666,0.0
flan_t5_base,factual_qa/Mercury_SC_LBS10269,C6,1.0,0.0
flan_t5_base,factual_qa/Mercury_SC_LBS10269,C7,0.0,0.0
flan_t5_base,factual_qa/MCAS_1998_4_11,C2,0.0,0.6666666666666666
flan_t5_base,factual_qa/MCAS_1998_4_11,C3,0.0,1.0
flan_t5_base,factual_qa/MCAS_1998_4_11,C4,0.0,0.6666666666666666
flan_t5_base,factual_qa/MCAS_1998_4_11,C5,1.0,0.0
flan_t5_base,factual_qa/MCAS_1998_4_11,C6,0.3333333333333333,0.0
flan_t5_base,factual_qa/MCAS_1998_4_11,C7,0.3333333333333333,0.0
flan_t5_base,factual_qa/Mercury_SC_402627,C2,0.0,0.3333333333333333
flan_t5_base,factual_qa/Mercury_SC_402627,C3,0.0,1.0
flan_t5_base,factual_qa/Mercury_SC_402627,C4,0.0,0.6666666666666666
flan_t5_base,factual_qa/Mercury_SC_402627,C5,0.6666666666666666,0.0
flan_t5_base,factual_qa/Mercury_SC_402627,C6,0.3333333333333333,0.0
flan_t5_base,factual_qa/Mercury_SC_402627,C7,0.0,0.0
flan_t5_base,factual_qa/OHAT_2007_5_15,C2,0.0,0.0
flan_t5_base,factual_qa/OHAT_2007_5_15,C3,0.0,0.0
flan_t5_base,factual_qa/OHAT_2007_5_15,C4,0.0,0.0
flan_t5_base,factual_qa/OHAT_2007_5_15,C5,1.0,0.0
flan_t5_base,factual_qa/OHAT_2007_5_15,C6,0.3333333333333333,0.0
flan_t5_base,factual_qa/OHAT_2007_5_15,C7,0.0,0.0
flan_t5_base,factual_qa/Mercury_7217035,C2,0.0,1.0
flan_t5_base,factual_qa/Mercury_7217035,C3,0.0,1.0
flan_t5_base,factual_qa/Mercury_7217035,C4,0.0,0.6666666666666666
flan_t5_base,factual_qa/Mercury_7217035,C5,1.0,0.0
flan_t5_base,factual_qa/Mercury_7217035,C6,0.3333333333333333,0.0
flan_t5_base,factual_qa/Mercury_7217035,C7,0.0,0.0
flan_t5_base,factual_qa/VASoL_2008_5_26,C2,0.0,1.0
flan_t5_base,factual_qa/VASoL_2008_5_26,C3,0.0,1.0
flan_t5_base,factual_qa/VASoL_2008_5_26,C4,0.0,0.6666666666666666
flan_t5_base,factual_qa/VASoL_2008_5_26,C5,0.0,0.0
flan_t5_base,factual_qa/VASoL_2008_5_26,C6,0.0,0.0
flan_t5_base,factual_qa/VASoL_2008_5_26,C7,0.3333333333333333,0.0
flan_t5_base,factual_qa/MSA_2013_5_5,C2,0.0,0.3333333333333333
flan_t5_base,factual_qa/MSA_2013_5_5,C3,0.0,0.0
flan_t5_base,factual_qa/MSA_2013_5_5,C4,0.0,0.3333333333333333
flan_t5_base,factual_qa/MSA_2013_5_5,C5,1.0,0.0
flan_t5_base,factual_qa/MSA_2013_5_5,C6,0.0,0.0
flan_t5_base,factual_qa/MSA_2013_5_5,C7,0.0,0.0
flan_t5_base,factual_qa/Mercury_SC_401123,C2,0.0,1.0
flan_t5_base,factual_qa/Mercury_SC_401123,C3,0.0,1.0
flan_t5_base,factual_qa/Mercury_SC_401123,C4,0.0,1.0
flan_t5_base,factual_qa/Mercury_SC_401123,C5,0.0,0.0
flan_t5_base,factual_qa/Mercury_SC_401123,C6,0.3333333333333333,0.0
flan_t5_base,factual_qa/Mercury_SC_401123,C7,0.0,0.0
flan_t5_base,factual_qa/Mercury_SC_400142,C2,0.0,0.6666666666666666
flan_t5_base,factual_qa/Mercury_SC_400142,C3,0.0,0.6666666666666666
flan_t5_base,factual_qa/Mercury_SC_400142,C4,0.0,0.3333333333333333
flan_t5_base,factual_qa/Mercury_SC_400142,C5,1.0,0.0
flan_t5_base,factual_qa/Mercury_SC_400142,C6,0.0,0.0
flan_t5_base,factual_qa/Mercury_SC_400142,C7,0.0,0.0
flan_t5_base,factual_qa/Mercury_7267575,C2,0.0,1.0
flan_t5_base,factual_qa/Mercury_7267575,C3,0.0,0.3333333333333333
flan_t5_base,factual_qa/Mercury_7267575,C4,0.0,0.6666666666666666
flan_t5_base,factual_qa/Mercury_7267575,C5,1.0,0.0
flan_t5_base,factual_qa/Mercury_7267575,C6,1.0,0.0
flan_t5_base,factual_qa/Mercury_7267575,C7,0.0,0.0
flan_t5_base,factual_qa/Mercury_7207550,C2,0.0,0.0
flan_t5_base,factual_qa/Mercury_7207550,C3,0.0,0.0
flan_t5_base,factual_qa/Mercury_7207550,C4,0.0,0.3333333333333333
flan_t5_base,factual_qa/Mercury_7207550,C5,1.0,0.0
flan_t5_base,factual_qa/Mercury_7207550,C6,1.0,0.0
flan_t5_base,factual_qa/Mercury_7207550,C7,0.0,0.0
flan_t5_base,factual_qa/NCEOGA_2013_5_32,C2,0.0,0.0
flan_t5_base,factual_qa/NCEOGA_2013_5_32,C3,0.0,0.0
flan_t5_base,factual_qa/NCEOGA_2013_5_32,C4,0.0,0.0
flan_t5_base,factual_qa/NCEOGA_2013_5_32,C5,1.0,0.0
flan_t5_base,factual_qa/NCEOGA_2013_5_32,C6,1.0,0.0
flan_t5_base,factual_qa/NCEOGA_2013_5_32,C7,0.0,0.0
flan_t5_base,factual_qa/Mercury_7041563,C2,0.0,1.0
flan_t5_base,factual_qa/Mercury_7041563,C3,0.0,1.0
flan_t5_base,factual_qa/Mercury_7041563,C4,0.0,1.0
flan_t5_base,factual_qa/Mercury_7041563,C5,1.0,0.0
flan_t5_base,factual_qa/Mercury_7041563,C6,0.3333333333333333,0.0
flan_t5_base,factual_qa/Mercury_7041563,C7,0.0,0.0
flan_t5_base,factual_qa/Mercury_7211260,C2,0.0,1.0
flan_t5_base,factual_qa/Mercury_7211260,C3,0.0,0.0
flan_t5_base,factual_qa/Mercury_7211260,C4,0.0,0.6666666666666666
flan_t5_base,factual_qa/Mercury_7211260,C5,1.0,0.0
flan_t5_base,factual_qa/Mercury_7211260,C6,1.0,0.0
flan_t5_base,factual_qa/Mercury_7211260,C7,0.0,0.0
flan_t5_base,factual_qa/TIMSS_2003_4_pg14,C2,0.0,1.0
flan_t5_base,factual_qa/TIMSS_2003_4_pg14,C3,0.0,1.0
flan_t5_base,factual_qa/TIMSS_2003_4_pg14,C4,0.0,1.0
flan_t5_base,factual_qa/TIMSS_2003_4_pg14,C5,0.6666666666666666,0.0
flan_t5_base,factual_qa/TIMSS_2003_4_pg14,C6,0.3333333333333333,0.0
flan_t5_base,factual_qa/TIMSS_2003_4_pg14,C7,0.3333333333333333,0.0
flan_t5_base,factual_qa/Mercury_7174213,C2,0.0,0.0
flan_t5_base,factual_qa/Mercury_7174213,C3,0.0,0.6666666666666666
flan_t5_base,factual_qa/Mercury_7174213,C4,0.0,0.0
flan_t5_base,factual_qa/Mercury_7174213,C5,1.0,0.0
flan_t5_base,factual_qa/Mercury_7174213,C6,1.0,0.0
flan_t5_base,factual_qa/Mercury_7174213,C7,0.0,0.0
flan_t5_base,factual_qa/Mercury_404987,C2,0.0,1.0
flan_t5_base,factual_qa/Mercury_404987,C3,0.0,0.6666666666666666
flan_t5_base,factual_qa/Mercury_404987,C4,0.0,0.0
flan_t5_base,factual_qa/Mercury_404987,C5,1.0,0.0
flan_t5_base,factual_qa/Mercury_404987,C6,0.0,0.0
flan_t5_base,factual_qa/Mercury_404987,C7,0.0,0.0
flan_t5_base,factual_qa/Mercury_7131845,C2,0.0,0.0
flan_t5_base,factual_qa/Mercury_7131845,C3,0.0,1.0
flan_t5_base,factual_qa/Mercury_7131845,C4,0.0,0.0
flan_t5_base,factual_qa/Mercury_7131845,C5,1.0,0.0
flan_t5_base,factual_qa/Mercury_7131845,C6,1.0,0.0
flan_t5_base,factual_qa/Mercury_7131845,C7,0.0,0.0
flan_t5_base,factual_qa/MCAS_2011_8_17692,C2,0.0,0.3333333333333333
flan_t5_base,factual_qa/MCAS_2011_8_17692,C3,0.0,1.0
flan_t5_base,factual_qa/MCAS_2011_8_17692,C4,0.0,0.6666666666666666
flan_t5_base,factual_qa/MCAS_2011_8_17692,C5,1.0,0.0
flan_t5_base,factual_qa/MCAS_2011_8_17692,C6,1.0,0.0
flan_t5_base,factual_qa/MCAS_2011_8_17692,C7,0.0,0.0
flan_t5_base,factual_qa/Mercury_7015890,C2,0.0,0.6666666666666666
flan_t5_base,factual_qa/Mercury_7015890,C3,0.0,0.3333333333333333
flan_t5_base,factual_qa/Mercury_7015890,C4,0.0,0.0
flan_t5_base,factual_qa/Mercury_7015890,C5,1.0,0.0
flan_t5_base,factual_qa/Mercury_7015890,C6,0.3333333333333333,0.0
flan_t5_base,factual_qa/Mercury_7015890,C7,0.0,0.0
flan_t5_base,factual_qa/Mercury_7230598,C2,0.0,0.6666666666666666
flan_t5_base,factual_qa/Mercury_7230598,C3,0.0,1.0
flan_t5_base,factual_qa/Mercury_7230598,C4,0.0,0.3333333333333333
flan_t5_base,factual_qa/Mercury_7230598,C5,1.0,0.0
flan_t5_base,factual_qa/Mercury_7230598,C6,0.3333333333333333,0.0
flan_t5_base,factual_qa/Mercury_7230598,C7,0.0,0.0
flan_t5_base,factual_qa/Mercury_7218400,C2,0.0,0.0
flan_t5_base,factual_qa/Mercury_7218400,C3,0.0,0.0
flan_t5_base,factual_qa/Mercury_7218400,C4,0.0,0.0
flan_t5_base,factual_qa/Mercury_7218400,C5,1.0,0.0
flan_t5_base,factual_qa/Mercury_7218400,C6,1.0,0.0
flan_t5_base,factual_qa/Mercury_7218400,C7,0.0,0.0
flan_t5_base,factual_qa/LEAP_2009_8_10429,C2,0.0,1.0
flan_t5_base,factual_qa/LEAP_2009_8_10429,C3,0.0,0.6666666666666666
flan_t5_base,factual_qa/LEAP_2009_8_10429,C4,0.0,1.0
flan_t5_base,factual_qa/LEAP_2009_8_10429,C5,0.6666666666666666,0.0
flan_t5_base,factual_qa/LEAP_2009_8_10429,C6,1.0,0.0
flan_t5_base,factual_qa/LEAP_2009_8_10429,C7,0.0,0.0
flan_t5_base,factual_qa/Mercury_SC_400609,C2,0.0,0.3333333333333333
flan_t5_base,factual_qa/Mercury_SC_400609,C3,0.0,1.0
flan_t5_base,factual_qa/Mercury_SC_400609,C4,0.0,0.6666666666666666
flan_t5_base,factual_qa/Mercury_SC_400609,C5,1.0,0.0
flan_t5_base,factual_qa/Mercury_SC_400609,C6,1.0,0.0
flan_t5_base,factual_qa/Mercury_SC_400609,C7,0.0,0.0
flan_t5_base,factual_qa/Mercury_7160563,C2,0.0,1.0
flan_t5_base,factual_qa/Mercury_7160563,C3,0.0,0.0
flan_t5_base,factual_qa/Mercury_7160563,C4,0.0,0.3333333333333333
flan_t5_base,factual_qa/Mercury_7160563,C5,1.0,0.0
flan_t5_base,factual_qa/Mercury_7160563,C6,1.0,0.0
flan_t5_base,factual_qa/Mercury_7160563,C7,0.0,0.0
flan_t5_base,factual_qa/Mercury_7271723,C2,0.0,0.6666666666666666
flan_t5_base,factual_qa/Mercury_7271723,C3,0.0,0.0
flan_t5_base,factual_qa/Mercury_7271723,C4,0.0,0.3333333333333333
flan_t5_base,factual_qa/Mercury_7271723,C5,1.0,0.0
flan_t5_base,factual_qa/Mercury_7271723,C6,0.3333333333333333,0.0
flan_t5_base,factual_qa/Mercury_7271723,C7,0.0,0.0
flan_t5_base,factual_qa/LEAP__7_10352,C2,0.0,0.0
flan_t5_base,factual_qa/LEAP__7_10352,C3,0.0,0.0
flan_t5_base,factual_qa/LEAP__7_10352,C4,0.0,0.0
flan_t5_base,factual_qa/LEAP__7_10352,C5,1.0,0.0
flan_t5_base,factual_qa/LEAP__7_10352,C6,1.0,0.0
flan_t5_base,factual_qa/LEAP__7_10352,C7,0.0,0.0
flan_t5_base,factual_qa/Mercury_7082478,C2,0.0,0.0
flan_t5_base,factual_qa/Mercury_7082478,C3,0.0,0.3333333333333333
flan_t5_base,factual_qa/Mercury_7082478,C4,0.0,0.0
flan_t5_base,factual_qa/Mercury_7082478,C5,1.0,0.0
flan_t5_base,factual_qa/Mercury_7082478,C6,0.0,0.0
flan_t5_base,factual_qa/Mercury_7082478,C7,0.0,0.0
flan_t5_base,factual_qa/NCEOGA_2013_8_18,C2,0.0,0.3333333333333333
flan_t5_base,factual_qa/NCEOGA_2013_8_18,C3,0.0,0.3333333333333333
flan_t5_base,factual_qa/NCEOGA_2013_8_18,C4,0.0,0.0
flan_t5_base,factual_qa/NCEOGA_2013_8_18,C5,1.0,0.0
flan_t5_base,factual_qa/NCEOGA_2013_8_18,C6,1.0,0.0
flan_t5_base,factual_qa/NCEOGA_2013_8_18,C7,0.0,0.0
flan_t5_base,factual_qa/NYSEDREGENTS_2010_8_28,C2,0.0,0.6666666666666666
flan_t5_base,factual_qa/NYSEDREGENTS_2010_8_28,C3,0.0,0.0
flan_t5_base,factual_qa/NYSEDREGENTS_2010_8_28,C4,0.0,0.3333333333333333
flan_t5_base,factual_qa/NYSEDREGENTS_2010_8_28,C5,1.0,0.0
flan_t5_base,factual_qa/NYSEDREGENTS_2010_8_28,C6,1.0,0.0
flan_t5_base,factual_qa/NYSEDREGENTS_2010_8_28,C7,0.0,0.0
flan_t5_base,factual_qa/Mercury_SC_415369,C2,0.0,1.0
flan_t5_base,factual_qa/Mercury_SC_415369,C3,0.0,1.0
flan_t5_base,factual_qa/Mercury_SC_415369,C4,0.0,1.0
flan_t5_base,factual_qa/Mercury_SC_415369,C5,1.0,0.0
flan_t5_base,factual_qa/Mercury_SC_415369,C6,1.0,0.0
flan_t5_base,factual_qa/Mercury_SC_415369,C7,0.0,0.0
flan_t5_base,factual_qa/TAKS_2009_5_26,C2,0.0,0.3333333333333333
flan_t5_base,factual_qa/TAKS_2009_5_26,C3,0.0,0.0
flan_t5_base,factual_qa/TAKS_2009_5_26,C4,0.0,0.0
flan_t5_base,factual_qa/TAKS_2009_5_26,C5,1.0,0.0
flan_t5_base,factual_qa/TAKS_2009_5_26,C6,0.3333333333333333,0.0
flan_t5_base,factual_qa/TAKS_2009_5_26,C7,0.3333333333333333,0.0
flan_t5_base,factual_qa/Mercury_7068513,C2,0.0,0.3333333333333333
flan_t5_base,factual_qa/Mercury_7068513,C3,0.0,0.0
flan_t5_base,factual_qa/Mercury_7068513,C4,0.0,0.0
flan_t5_base,factual_qa/Mercury_7068513,C5,1.0,0.0
flan_t5_base,factual_qa/Mercury_7068513,C6,1.0,0.0
flan_t5_base,factual_qa/Mercury_7068513,C7,0.0,0.0
flan_t5_base,factual_qa/Mercury_7187863,C2,0.0,0.3333333333333333
flan_t5_base,factual_qa/Mercury_7187863,C3,0.0,0.3333333333333333
flan_t5_base,factual_qa/Mercury_7187863,C4,0.0,0.0
flan_t5_base,factual_qa/Mercury_7187863,C5,1.0,0.0
flan_t5_base,factual_qa/Mercury_7187863,C6,1.0,0.0
flan_t5_base,factual_qa/Mercury_7187863,C7,0.3333333333333333,0.0
flan_t5_base,factual_qa/Mercury_7112805,C2,0.0,0.0
flan_t5_base,factual_qa/Mercury_7112805,C3,0.0,0.0
flan_t5_base,factual_qa/Mercury_7112805,C4,0.0,0.0
flan_t5_base,factual_qa/Mercury_7112805,C5,1.0,0.0
flan_t5_base,factual_qa/Mercury_7112805,C6,1.0,0.0
flan_t5_base,factual_qa/Mercury_7112805,C7,0.0,0.0
flan_t5_base,factual_qa/NYSEDREGENTS_2013_8_42,C2,0.0,1.0
flan_t5_base,factual_qa/NYSEDREGENTS_2013_8_42,C3,0.0,1.0
flan_t5_base,factual_qa/NYSEDREGENTS_2013_8_42,C4,0.0,1.0
flan_t5_base,factual_qa/NYSEDREGENTS_2013_8_42,C5,1.0,0.0
flan_t5_base,factual_qa/NYSEDREGENTS_2013_8_42,C6,0.3333333333333333,0.0
flan_t5_base,factual_qa/NYSEDREGENTS_2013_8_42,C7,0.0,0.0
flan_t5_base,factual_qa/AKDE&ED_2012_8_4,C2,0.0,0.6666666666666666
flan_t5_base,factual_qa/AKDE&ED_2012_8_4,C3,0.0,1.0
flan_t5_base,factual_qa/AKDE&ED_2012_8_4,C4,0.0,1.0
flan_t5_base,factual_qa/AKDE&ED_2012_8_4,C5,1.0,0.0
flan_t5_base,factual_qa/AKDE&ED_2012_8_4,C6,0.0,0.0
flan_t5_base,factual_qa/AKDE&ED_2012_8_4,C7,0.3333333333333333,0.0
flan_t5_base,factual_qa/Mercury_409085,C2,0.0,0.0
flan_t5_base,factual_qa/Mercury_409085,C3,0.0,0.0
flan_t5_base,factual_qa/Mercury_409085,C4,0.0,0.0
flan_t5_base,factual_qa/Mercury_409085,C5,1.0,0.0
flan_t5_base,factual_qa/Mercury_409085,C6,1.0,0.0
flan_t5_base,factual_qa/Mercury_409085,C7,0.3333333333333333,0.0
flan_t5_base,factual_qa/Mercury_SC_401602,C2,0.0,0.3333333333333333
flan_t5_base,factual_qa/Mercury_SC_401602,C3,0.0,1.0
flan_t5_base,factual_qa/Mercury_SC_401602,C4,0.0,0.6666666666666666
flan_t5_base,factual_qa/Mercury_SC_401602,C5,1.0,0.0
flan_t5_base,factual_qa/Mercury_SC_401602,C6,1.0,0.0
flan_t5_base,factual_qa/Mercury_SC_401602,C7,0.0,0.0
flan_t5_base,factual_qa/Mercury_7038028,C2,0.0,0.0
flan_t5_base,factual_qa/Mercury_7038028,C3,0.0,0.0
flan_t5_base,factual_qa/Mercury_7038028,C4,0.0,0.0
flan_t5_base,factual_qa/Mercury_7038028,C5,1.0,0.0
flan_t5_base,factual_qa/Mercury_7038028,C6,1.0,0.0
flan_t5_base,factual_qa/Mercury_7038028,C7,0.0,0.0
flan_t5_base,factual_qa/Mercury_7239715,C2,0.0,0.3333333333333333
flan_t5_base,factual_qa/Mercury_7239715,C3,0.0,0.3333333333333333
flan_t5_base,factual_qa/Mercury_7239715,C4,0.0,0.6666666666666666
flan_t5_base,factual_qa/Mercury_7239715,C5,1.0,0.0
flan_t5_base,factual_qa/Mercury_7239715,C6,0.0,0.0
flan_t5_base,factual_qa/Mercury_7239715,C7,0.0,0.0
flan_t5_base,factual_qa/Mercury_7084088,C2,0.0,0.3333333333333333
flan_t5_base,factual_qa/Mercury_7084088,C3,0.0,0.6666666666666666
flan_t5_base,factual_qa/Mercury_7084088,C4,0.0,0.3333333333333333
flan_t5_base,factual_qa/Mercury_7084088,C5,1.0,0.0
flan_t5_base,factual_qa/Mercury_7084088,C6,1.0,0.0
flan_t5_base,factual_qa/Mercury_7084088,C7,0.0,0.0
flan_t5_base,factual_qa/Mercury_SC_LBS10177,C2,0.0,0.6666666666666666
flan_t5_base,factual_qa/Mercury_SC_LBS10177,C3,0.0,0.0
flan_t5_base,factual_qa/Mercury_SC_LBS10177,C4,0.0,0.3333333333333333
flan_t5_base,factual_qa/Mercury_SC_LBS10177,C5,1.0,0.0
flan_t5_base,factual_qa/Mercury_SC_LBS10177,C6,0.3333333333333333,0.0
flan_t5_base,factual_qa/Mercury_SC_LBS10177,C7,0.0,0.0
flan_t5_base,factual_qa/Mercury_7017010,C2,0.0,0.6666666666666666
flan_t5_base,factual_qa/Mercury_7017010,C3,0.0,0.6666666666666666
flan_t5_base,factual_qa/Mercury_7017010,C4,0.0,0.6666666666666666
flan_t5_base,factual_qa/Mercury_7017010,C5,1.0,0.0
flan_t5_base,factual_qa/Mercury_7017010,C6,0.0,0.0
flan_t5_base,factual_qa/Mercury_7017010,C7,0.0,0.0
flan_t5_base,factual_qa/Mercury_7083738,C2,0.0,0.0
flan_t5_base,factual_qa/Mercury_7083738,C3,0.0,0.3333333333333333
flan_t5_base,factual_qa/Mercury_7083738,C4,0.0,0.0
flan_t5_base,factual_qa/Mercury_7083738,C5,1.0,0.0
flan_t5_base,factual_qa/Mercury_7083738,C6,1.0,0.0
flan_t5_base,factual_qa/Mercury_7083738,C7,0.3333333333333333,0.0
flan_t5_base,factual_qa/NCEOGA_2013_5_18,C2,0.0,1.0
flan_t5_base,factual_qa/NCEOGA_2013_5_18,C3,0.0,1.0
flan_t5_base,factual_qa/NCEOGA_2013_5_18,C4,0.0,0.3333333333333333
flan_t5_base,factual_qa/NCEOGA_2013_5_18,C5,1.0,0.0
flan_t5_base,factual_qa/NCEOGA_2013_5_18,C6,1.0,0.0
flan_t5_base,factual_qa/NCEOGA_2013_5_18,C7,0.0,0.0
flan_t5_base,factual_qa/Mercury_7043820,C2,0.0,1.0
flan_t5_base,factual_qa/Mercury_7043820,C3,0.0,1.0
flan_t5_base,factual_qa/Mercury_7043820,C4,0.0,1.0
flan_t5_base,factual_qa/Mercury_7043820,C5,1.0,0.0
flan_t5_base,factual_qa/Mercury_7043820,C6,0.0,0.0
flan_t5_base,factual_qa/Mercury_7043820,C7,0.3333333333333333,0.0
flan_t5_base,factual_qa/Mercury_412625,C2,0.0,1.0
flan_t5_base,factual_qa/Mercury_412625,C3,0.0,1.0
flan_t5_base,factual_qa/Mercury_412625,C4,0.0,1.0
flan_t5_base,factual_qa/Mercury_412625,C5,1.0,0.0
flan_t5_base,factual_qa/Mercury_412625,C6,0.0,0.0
flan_t5_base,factual_qa/Mercury_412625,C7,0.3333333333333333,0.0
flan_t5_base,factual_qa/Mercury_7212625,C2,0.0,1.0
flan_t5_base,factual_qa/Mercury_7212625,C3,0.0,1.0
flan_t5_base,factual_qa/Mercury_7212625,C4,0.0,1.0
flan_t5_base,factual_qa/Mercury_7212625,C5,1.0,0.0
flan_t5_base,factual_qa/Mercury_7212625,C6,1.0,0.0
flan_t5_base,factual_qa/Mercury_7212625,C7,0.0,0.0
flan_t5_base,factual_qa/Mercury_7074953,C2,0.0,0.0
flan_t5_base,factual_qa/Mercury_7074953,C3,0.0,0.0
flan_t5_base,factual_qa/Mercury_7074953,C4,0.0,0.0
flan_t5_base,factual_qa/Mercury_7074953,C5,0.0,0.0
flan_t5_base,factual_qa/Mercury_7074953,C6,0.3333333333333333,0.0
flan_t5_base,factual_qa/Mercury_7074953,C7,0.0,0.0
flan_t5_base,factual_qa/Mercury_400780,C2,0.0,0.6666666666666666
flan_t5_base,factual_qa/Mercury_400780,C3,0.0,1.0
flan_t5_base,factual_qa/Mercury_400780,C4,0.0,0.6666666666666666
flan_t5_base,factual_qa/Mercury_400780,C5,1.0,0.0
flan_t5_base,factual_qa/Mercury_400780,C6,1.0,0.0
flan_t5_base,factual_qa/Mercury_400780,C7,0.0,0.0
flan_t5_base,factual_qa/MEA_2011_8_16,C2,0.0,0.0
flan_t5_base,factual_qa/MEA_2011_8_16,C3,0.0,0.0
flan_t5_base,factual_qa/MEA_2011_8_16,C4,0.0,0.0
flan_t5_base,factual_qa/MEA_2011_8_16,C5,1.0,0.0
flan_t5_base,factual_qa/MEA_2011_8_16,C6,0.6666666666666666,0.0
flan_t5_base,factual_qa/MEA_2011_8_16,C7,0.0,0.0
flan_t5_base,factual_qa/Mercury_7108045,C2,0.0,0.3333333333333333
flan_t5_base,factual_qa/Mercury_7108045,C3,0.0,0.0
flan_t5_base,factual_qa/Mercury_7108045,C4,0.0,0.6666666666666666
flan_t5_base,factual_qa/Mercury_7108045,C5,1.0,0.0
flan_t5_base,factual_qa/Mercury_7108045,C6,1.0,0.0
flan_t5_base,factual_qa/Mercury_7108045,C7,0.0,0.0
flan_t5_base,factual_qa/Mercury_SC_407405,C2,0.0,0.0
flan_t5_base,factual_qa/Mercury_SC_407405,C3,0.0,0.0
flan_t5_base,factual_qa/Mercury_SC_407405,C4,0.0,0.0
flan_t5_base,factual_qa/Mercury_SC_407405,C5,1.0,0.0
flan_t5_base,factual_qa/Mercury_SC_407405,C6,0.0,0.0
flan_t5_base,factual_qa/Mercury_SC_407405,C7,0.0,0.0
flan_t5_base,factual_qa/LEAP__5_10319,C2,0.0,0.6666666666666666
flan_t5_base,factual_qa/LEAP__5_10319,C3,0.0,1.0
flan_t5_base,factual_qa/LEAP__5_10319,C4,0.0,0.6666666666666666
flan_t5_base,factual_qa/LEAP__5_10319,C5,1.0,0.0
flan_t5_base,factual_qa/LEAP__5_10319,C6,1.0,0.0
flan_t5_base,factual_qa/LEAP__5_10319,C7,0.0,0.0
flan_t5_base,factual_qa/TIMSS_2003_4_pg20,C2,0.0,1.0
flan_t5_base,factual_qa/TIMSS_2003_4_pg20,C3,0.0,1.0
flan_t5_base,factual_qa/TIMSS_2003_4_pg20,C4,0.0,1.0
flan_t5_base,factual_qa/TIMSS_2003_4_pg20,C5,1.0,0.0
flan_t5_base,factual_qa/TIMSS_2003_4_pg20,C6,0.3333333333333333,0.0
flan_t5_base,factual_qa/TIMSS_2003_4_pg20,C7,0.3333333333333333,0.0
flan_t5_base,factual_qa/Mercury_SC_406793,C2,0.0,1.0
flan_t5_base,factual_qa/Mercury_SC_406793,C3,0.0,1.0
flan_t5_base,factual_qa/Mercury_SC_406793,C4,0.0,1.0
flan_t5_base,factual_qa/Mercury_SC_406793,C5,1.0,0.0
flan_t5_base,factual_qa/Mercury_SC_406793,C6,0.6666666666666666,0.0
flan_t5_base,factual_qa/Mercury_SC_406793,C7,0.0,0.0
flan_t5_base,factual_qa/MCAS_2004_5_14,C2,0.0,0.0
flan_t5_base,factual_qa/MCAS_2004_5_14,C3,0.0,0.0
flan_t5_base,factual_qa/MCAS_2004_5_14,C4,0.0,0.3333333333333333
flan_t5_base,factual_qa/MCAS_2004_5_14,C5,1.0,0.0
flan_t5_base,factual_qa/MCAS_2004_5_14,C6,0.0,0.0
flan_t5_base,factual_qa/MCAS_2004_5_14,C7,0.0,0.0
flan_t5_base,factual_qa/MDSA_2009_4_24,C2,0.0,1.0
flan_t5_base,factual_qa/MDSA_2009_4_24,C3,0.0,1.0
flan_t5_base,factual_qa/MDSA_2009_4_24,C4,0.0,0.6666666666666666
flan_t5_base,factual_qa/MDSA_2009_4_24,C5,1.0,0.0
flan_t5_base,factual_qa/MDSA_2009_4_24,C6,0.6666666666666666,0.0
flan_t5_base,factual_qa/MDSA_2009_4_24,C7,0.0,0.0
flan_t5_base,factual_qa/Mercury_7101518,C2,0.0,1.0
flan_t5_base,factual_qa/Mercury_7101518,C3,0.0,1.0
flan_t5_base,factual_qa/Mercury_7101518,C4,0.0,0.3333333333333333
flan_t5_base,factual_qa/Mercury_7101518,C5,1.0,0.0
flan_t5_base,factual_qa/Mercury_7101518,C6,1.0,0.0
flan_t5_base,factual_qa/Mercury_7101518,C7,0.0,0.0
flan_t5_base,factual_qa/Mercury_SC_400233,C2,0.0,1.0
flan_t5_base,factual_qa/Mercury_SC_400233,C3,0.0,1.0
flan_t5_base,factual_qa/Mercury_SC_400233,C4,0.0,1.0
flan_t5_base,factual_qa/Mercury_SC_400233,C5,0.0,0.0
flan_t5_base,factual_qa/Mercury_SC_400233,C6,1.0,0.0
flan_t5_base,factual_qa/Mercury_SC_400233,C7,0.0,0.0
flan_t5_base,factual_qa/Mercury_7027160,C2,0.0,0.0
flan_t5_base,factual_qa/Mercury_7027160,C3,0.0,0.0
flan_t5_base,factual_qa/Mercury_7027160,C4,0.0,0.0
flan_t5_base,factual_qa/Mercury_7027160,C5,1.0,0.0
flan_t5_base,factual_qa/Mercury_7027160,C6,1.0,0.0
flan_t5_base,factual_qa/Mercury_7027160,C7,0.6666666666666666,0.0
flan_t5_base,factual_qa/TIMSS_2007_8_pg63,C2,0.0,1.0
flan_t5_base,factual_qa/TIMSS_2007_8_pg63,C3,0.0,1.0
flan_t5_base,factual_qa/TIMSS_2007_8_pg63,C4,0.0,1.0
flan_t5_base,factual_qa/TIMSS_2007_8_pg63,C5,1.0,0.0
flan_t5_base,factual_qa/TIMSS_2007_8_pg63,C6,1.0,0.0
flan_t5_base,factual_qa/TIMSS_2007_8_pg63,C7,0.3333333333333333,0.0
flan_t5_base,factual_qa/Mercury_7234273,C2,0.0,1.0
flan_t5_base,factual_qa/Mercury_7234273,C3,0.0,1.0
flan_t5_base,factual_qa/Mercury_7234273,C4,0.0,1.0
flan_t5_base,factual_qa/Mercury_7234273,C5,1.0,0.0
flan_t5_base,factual_qa/Mercury_7234273,C6,0.6666666666666666,0.0
flan_t5_base,factual_qa/Mercury_7234273,C7,0.0,0.0
flan_t5_base,factual_qa/MCAS_2004_5_33,C2,0.0,0.0
flan_t5_base,factual_qa/MCAS_2004_5_33,C3,0.0,0.0
flan_t5_base,factual_qa/MCAS_2004_5_33,C4,0.0,0.3333333333333333
flan_t5_base,factual_qa/MCAS_2004_5_33,C5,1.0,0.0
flan_t5_base,factual_qa/MCAS_2004_5_33,C6,1.0,0.0
flan_t5_base,factual_qa/MCAS_2004_5_33,C7,0.3333333333333333,0.0
flan_t5_base,factual_qa/Mercury_402093,C2,0.0,1.0
flan_t5_base,factual_qa/Mercury_402093,C3,0.0,0.0
flan_t5_base,factual_qa/Mercury_402093,C4,0.0,1.0
flan_t5_base,factual_qa/Mercury_402093,C5,1.0,0.0
flan_t5_base,factual_qa/Mercury_402093,C6,0.0,0.0
flan_t5_base,factual_qa/Mercury_402093,C7,0.0,0.0
flan_t5_base,factual_qa/NYSEDREGENTS_2012_8_40,C2,0.0,1.0
flan_t5_base,factual_qa/NYSEDREGENTS_2012_8_40,C3,0.0,1.0
flan_t5_base,factual_qa/NYSEDREGENTS_2012_8_40,C4,0.0,1.0
flan_t5_base,factual_qa/NYSEDREGENTS_2012_8_40,C5,1.0,0.0
flan_t5_base,factual_qa/NYSEDREGENTS_2012_8_40,C6,0.3333333333333333,0.0
flan_t5_base,factual_qa/NYSEDREGENTS_2012_8_40,C7,0.0,0.0
flan_t5_base,factual_qa/VASoL_2009_3_28,C2,0.0,0.3333333333333333
flan_t5_base,factual_qa/VASoL_2009_3_28,C3,0.0,0.3333333333333333
flan_t5_base,factual_qa/VASoL_2009_3_28,C4,0.0,0.6666666666666666
flan_t5_base,factual_qa/VASoL_2009_3_28,C5,1.0,0.0
flan_t5_base,factual_qa/VASoL_2009_3_28,C6,0.0,0.0
flan_t5_base,factual_qa/VASoL_2009_3_28,C7,0.0,0.0
flan_t5_base,factual_qa/Mercury_7001278,C2,0.0,0.6666666666666666
flan_t5_base,factual_qa/Mercury_7001278,C3,0.0,1.0
flan_t5_base,factual_qa/Mercury_7001278,C4,0.0,0.6666666666666666
flan_t5_base,factual_qa/Mercury_7001278,C5,1.0,0.0
flan_t5_base,factual_qa/Mercury_7001278,C6,1.0,0.0
flan_t5_base,factual_qa/Mercury_7001278,C7,0.0,0.0
flan_t5_base,factual_qa/CSZ20679,C2,0.0,0.6666666666666666
flan_t5_base,factual_qa/CSZ20679,C3,0.0,1.0
flan_t5_base,factual_qa/CSZ20679,C4,0.0,0.3333333333333333
flan_t5_base,factual_qa/CSZ20679,C5,1.0,0.0
flan_t5_base,factual_qa/CSZ20679,C6,1.0,0.0
flan_t5_base,factual_qa/CSZ20679,C7,0.3333333333333333,0.0
flan_t5_base,factual_qa/Mercury_SC_405792,C2,0.0,0.6666666666666666
flan_t5_base,factual_qa/Mercury_SC_405792,C3,0.0,1.0
flan_t5_base,factual_qa/Mercury_SC_405792,C4,0.0,0.6666666666666666
flan_t5_base,factual_qa/Mercury_SC_405792,C5,1.0,0.0
flan_t5_base,factual_qa/Mercury_SC_405792,C6,1.0,0.0
flan_t5_base,factual_qa/Mercury_SC_405792,C7,0.0,0.0
flan_t5_base,factual_qa/NYSEDREGENTS_2012_4_18,C2,0.0,0.6666666666666666
flan_t5_base,factual_qa/NYSEDREGENTS_2012_4_18,C3,0.0,0.0
flan_t5_base,factual_qa/NYSEDREGENTS_2012_4_18,C4,0.0,0.6666666666666666
flan_t5_base,factual_qa/NYSEDREGENTS_2012_4_18,C5,1.0,0.0
flan_t5_base,factual_qa/NYSEDREGENTS_2012_4_18,C6,1.0,0.0
flan_t5_base,factual_qa/NYSEDREGENTS_2012_4_18,C7,0.0,0.0
flan_t5_large,factual_qa/Mercury_SC_405120,C2,0.0,0.0
flan_t5_large,factual_qa/Mercury_SC_405120,C3,0.0,0.0
flan_t5_large,factual_qa/Mercury_SC_405120,C4,0.0,0.3333333333333333
flan_t5_large,factual_qa/Mercury_SC_405120,C5,1.0,0.0
flan_t5_large,factual_qa/Mercury_SC_405120,C6,0.6666666666666666,0.0
flan_t5_large,factual_qa/Mercury_SC_405120,C7,0.0,0.0
flan_t5_large,factual_qa/Mercury_7123533,C2,0.0,1.0
flan_t5_large,factual_qa/Mercury_7123533,C3,0.0,1.0
flan_t5_large,factual_qa/Mercury_7123533,C4,0.0,0.6666666666666666
flan_t5_large,factual_qa/Mercury_7123533,C5,1.0,0.0
flan_t5_large,factual_qa/Mercury_7123533,C6,1.0,0.0
flan_t5_large,factual_qa/Mercury_7123533,C7,0.0,0.0
flan_t5_large,factual_qa/Mercury_SC_402258,C2,0.0,0.6666666666666666
flan_t5_large,factual_qa/Mercury_SC_402258,C3,0.0,0.6666666666666666
flan_t5_large,factual_qa/Mercury_SC_402258,C4,0.0,0.6666666666666666
flan_t5_large,factual_qa/Mercury_SC_402258,C5,1.0,0.0
flan_t5_large,factual_qa/Mercury_SC_402258,C6,1.0,0.0
flan_t5_large,factual_qa/Mercury_SC_402258,C7,0.0,0.0
flan_t5_large,factual_qa/ACTAAP_2012_7_2,C2,0.0,0.3333333333333333
flan_t5_large,factual_qa/ACTAAP_2012_7_2,C3,0.0,0.0
flan_t5_large,factual_qa/ACTAAP_2012_7_2,C4,0.0,0.3333333333333333
flan_t5_large,factual_qa/ACTAAP_2012_7_2,C5,1.0,0.0
flan_t5_large,factual_qa/ACTAAP_2012_7_2,C6,1.0,0.0
flan_t5_large,factual_qa/ACTAAP_2012_7_2,C7,0.0,0.0
flan_t5_large,factual_qa/Mercury_SC_401801,C2,0.0,1.0
flan_t5_large,factual_qa/Mercury_SC_401801,C3,0.0,0.0
flan_t5_large,factual_qa/Mercury_SC_401801,C4,0.0,0.6666666666666666
flan_t5_large,factual_qa/Mercury_SC_401801,C5,1.0,0.0
flan_t5_large,factual_qa/Mercury_SC_401801,C6,1.0,0.0
flan_t5_large,factual_qa/Mercury_SC_401801,C7,0.3333333333333333,0.0
flan_t5_large,factual_qa/Mercury_SC_408243,C2,0.0,0.0
flan_t5_large,factual_qa/Mercury_SC_408243,C3,0.0,0.0
flan_t5_large,factual_qa/Mercury_SC_408243,C4,0.0,0.0
flan_t5_large,factual_qa/Mercury_SC_408243,C5,1.0,0.0
flan_t5_large,factual_qa/Mercury_SC_408243,C6,0.3333333333333333,0.0
flan_t5_large,factual_qa/Mercury_SC_408243,C7,0.3333333333333333,0.0
flan_t5_large,factual_qa/Mercury_402560,C2,0.0,0.6666666666666666
flan_t5_large,factual_qa/Mercury_402560,C3,0.0,1.0
flan_t5_large,factual_qa/Mercury_402560,C4,0.0,0.6666666666666666
flan_t5_large,factual_qa/Mercury_402560,C5,0.0,0.0
flan_t5_large,factual_qa/Mercury_402560,C6,0.0,0.0
flan_t5_large,factual_qa/Mercury_402560,C7,0.0,0.0
flan_t5_large,factual_qa/Mercury_416501,C2,0.0,1.0
flan_t5_large,factual_qa/Mercury_416501,C3,0.0,1.0
flan_t5_large,factual_qa/Mercury_416501,C4,0.0,1.0
flan_t5_large,factual_qa/Mercury_416501,C5,1.0,0.0
flan_t5_large,factual_qa/Mercury_416501,C6,0.3333333333333333,0.0
flan_t5_large,factual_qa/Mercury_416501,C7,0.0,0.0
flan_t5_large,factual_qa/Mercury_190803,C2,0.0,1.0
flan_t5_large,factual_qa/Mercury_190803,C3,0.0,1.0
flan_t5_large,factual_qa/Mercury_190803,C4,0.0,0.6666666666666666
flan_t5_large,factual_qa/Mercury_190803,C5,1.0,0.0
flan_t5_large,factual_qa/Mercury_190803,C6,0.3333333333333333,0.0
flan_t5_large,factual_qa/Mercury_190803,C7,0.0,0.0
flan_t5_large,factual_qa/Mercury_416374,C2,0.0,0.0
flan_t5_large,factual_qa/Mercury_416374,C3,0.0,0.0
flan_t5_large,factual_qa/Mercury_416374,C4,0.0,0.3333333333333333
flan_t5_large,factual_qa/Mercury_416374,C5,1.0,0.0
flan_t5_large,factual_qa/Mercury_416374,C6,0.3333333333333333,0.0
flan_t5_large,factual_qa/Mercury_416374,C7,0.0,0.0
flan_t5_large,factual_qa/Mercury_409349,C2,0.0,1.0
flan_t5_large,factual_qa/Mercury_409349,C3,0.0,0.6666666666666666
flan_t5_large,factual_qa/Mercury_409349,C4,0.0,1.0
flan_t5_large,factual_qa/Mercury_409349,C5,1.0,0.0
flan_t5_large,factual_qa/Mercury_409349,C6,0.6666666666666666,0.0
flan_t5_large,factual_qa/Mercury_409349,C7,0.0,0.0
flan_t5_large,factual_qa/ACTAAP_2014_5_5,C2,0.0,0.0
flan_t5_large,factual_qa/ACTAAP_2014_5_5,C3,0.0,0.0
flan_t5_large,factual_qa/ACTAAP_2014_5_5,C4,0.0,0.0
flan_t5_large,factual_qa/ACTAAP_2014_5_5,C5,1.0,0.0
flan_t5_large,factual_qa/ACTAAP_2014_5_5,C6,0.0,0.0
flan_t5_large,factual_qa/ACTAAP_2014_5_5,C7,0.0,0.0
flan_t5_large,factual_qa/VASoL_2008_3_25,C2,0.0,1.0
flan_t5_large,factual_qa/VASoL_2008_3_25,C3,0.0,1.0
flan_t5_large,factual_qa/VASoL_2008_3_25,C4,0.0,1.0
flan_t5_large,factual_qa/VASoL_2008_3_25,C5,0.6666666666666666,0.0
flan_t5_large,factual_qa/VASoL_2008_3_25,C6,0.0,0.0
flan_t5_large,factual_qa/VASoL_2008_3_25,C7,0.3333333333333333,0.0
flan_t5_large,factual_qa/ACTAAP_2007_7_27,C2,0.0,1.0
flan_t5_large,factual_qa/ACTAAP_2007_7_27,C3,0.0,1.0
flan_t5_large,factual_qa/ACTAAP_2007_7_27,C4,0.0,1.0
flan_t5_large,factual_qa/ACTAAP_2007_7_27,C5,0.3333333333333333,0.0
flan_t5_large,factual_qa/ACTAAP_2007_7_27,C6,0.0,0.0
flan_t5_large,factual_qa/ACTAAP_2007_7_27,C7,0.0,0.0
flan_t5_large,factual_qa/Mercury_400715,C2,0.0,0.6666666666666666
flan_t5_large,factual_qa/Mercury_400715,C3,0.0,0.0
flan_t5_large,factual_qa/Mercury_400715,C4,0.0,0.3333333333333333
flan_t5_large,factual_qa/Mercury_400715,C5,1.0,0.0
flan_t5_large,factual_qa/Mercury_400715,C6,1.0,0.0
flan_t5_large,factual_qa/Mercury_400715,C7,0.0,0.0
flan_t5_large,factual_qa/Mercury_SC_406626,C2,0.0,1.0
flan_t5_large,factual_qa/Mercury_SC_406626,C3,0.0,1.0
flan_t5_large,factual_qa/Mercury_SC_406626,C4,0.0,1.0
flan_t5_large,factual_qa/Mercury_SC_406626,C5,1.0,0.0
flan_t5_large,factual_qa/Mercury_SC_406626,C6,0.0,0.0
flan_t5_large,factual_qa/Mercury_SC_406626,C7,0.0,0.0
flan_t5_large,factual_qa/Mercury_7143080,C2,0.0,0.0
flan_t5_large,factual_qa/Mercury_7143080,C3,0.0,0.0
flan_t5_large,factual_qa/Mercury_7143080,C4,0.0,0.3333333333333333
flan_t5_large,factual_qa/Mercury_7143080,C5,1.0,0.0
flan_t5_large,factual_qa/Mercury_7143080,C6,1.0,0.0
flan_t5_large,factual_qa/Mercury_7143080,C7,0.0,0.0
flan_t5_large,factual_qa/MEA_2010_8_13,C2,0.0,0.3333333333333333
flan_t5_large,factual_qa/MEA_2010_8_13,C3,0.0,0.3333333333333333
flan_t5_large,factual_qa/MEA_2010_8_13,C4,0.0,0.0
flan_t5_large,factual_qa/MEA_2010_8_13,C5,1.0,0.0
flan_t5_large,factual_qa/MEA_2010_8_13,C6,1.0,0.0
flan_t5_large,factual_qa/MEA_2010_8_13,C7,0.0,0.0
flan_t5_large,factual_qa/NYSEDREGENTS_2012_8_31,C2,0.0,1.0
flan_t5_large,factual_qa/NYSEDREGENTS_2012_8_31,C3,0.0,1.0
flan_t5_large,factual_qa/NYSEDREGENTS_2012_8_31,C4,0.0,1.0
flan_t5_large,factual_qa/NYSEDREGENTS_2012_8_31,C5,1.0,0.0
flan_t5_large,factual_qa/NYSEDREGENTS_2012_8_31,C6,1.0,0.0
flan_t5_large,factual_qa/NYSEDREGENTS_2012_8_31,C7,0.3333333333333333,0.0
flan_t5_large,factual_qa/Mercury_401502,C2,0.0,0.0
flan_t5_large,factual_qa/Mercury_401502,C3,0.0,0.0
flan_t5_large,factual_qa/Mercury_401502,C4,0.0,0.0
flan_t5_large,factual_qa/Mercury_401502,C5,1.0,0.0
flan_t5_large,factual_qa/Mercury_401502,C6,1.0,0.0
flan_t5_large,factual_qa/Mercury_401502,C7,0.0,0.0
flan_t5_large,factual_qa/Mercury_7234028,C2,0.0,0.0
flan_t5_large,factual_qa/Mercury_7234028,C3,0.0,0.0
flan_t5_large,factual_qa/Mercury_7234028,C4,0.0,0.3333333333333333
flan_t5_large,factual_qa/Mercury_7234028,C5,1.0,0.0
flan_t5_large,factual_qa/Mercury_7234028,C6,1.0,0.0
flan_t5_large,factual_qa/Mercury_7234028,C7,0.0,0.0
flan_t5_large,factual_qa/ACTAAP_2014_7_5,C2,0.0,1.0
flan_t5_large,factual_qa/ACTAAP_2014_7_5,C3,0.0,1.0
flan_t5_large,factual_qa/ACTAAP_2014_7_5,C4,0.0,1.0
flan_t5_large,factual_qa/ACTAAP_2014_7_5,C5,1.0,0.0
flan_t5_large,factual_qa/ACTAAP_2014_7_5,C6,0.3333333333333333,0.0
flan_t5_large,factual_qa/ACTAAP_2014_7_5,C7,0.3333333333333333,0.0
flan_t5_large,factual_qa/Mercury_SC_401611,C2,0.0,0.3333333333333333
flan_t5_large,factual_qa/Mercury_SC_401611,C3,0.0,0.0
flan_t5_large,factual_qa/Mercury_SC_401611,C4,0.0,0.0
flan_t5_large,factual_qa/Mercury_SC_401611,C5,1.0,0.0
flan_t5_large,factual_qa/Mercury_SC_401611,C6,0.0,0.0
flan_t5_large,factual_qa/Mercury_SC_401611,C7,0.0,0.0
flan_t5_large,factual_qa/Mercury_SC_408991,C2,0.0,0.6666666666666666
flan_t5_large,factual_qa/Mercury_SC_408991,C3,0.0,0.3333333333333333
flan_t5_large,factual_qa/Mercury_SC_408991,C4,0.0,0.3333333333333333
flan_t5_large,factual_qa/Mercury_SC_408991,C5,1.0,0.0
flan_t5_large,factual_qa/Mercury_SC_408991,C6,1.0,0.0
flan_t5_large,factual_qa/Mercury_SC_408991,C7,0.0,0.0
flan_t5_large,factual_qa/MCAS_2004_5_16,C2,0.0,1.0
flan_t5_large,factual_qa/MCAS_2004_5_16,C3,0.0,1.0
flan_t5_large,factual_qa/MCAS_2004_5_16,C4,0.0,1.0
flan_t5_large,factual_qa/MCAS_2004_5_16,C5,1.0,0.0
flan_t5_large,factual_qa/MCAS_2004_5_16,C6,1.0,0.0
flan_t5_large,factual_qa/MCAS_2004_5_16,C7,0.0,0.0
flan_t5_large,factual_qa/Mercury_SC_415394,C2,0.0,0.3333333333333333
flan_t5_large,factual_qa/Mercury_SC_415394,C3,0.0,0.3333333333333333
flan_t5_large,factual_qa/Mercury_SC_415394,C4,0.0,0.3333333333333333
flan_t5_large,factual_qa/Mercury_SC_415394,C5,1.0,0.0
flan_t5_large,factual_qa/Mercury_SC_415394,C6,0.3333333333333333,0.0
flan_t5_large,factual_qa/Mercury_SC_415394,C7,0.0,0.0
flan_t5_large,factual_qa/Mercury_SC_407228,C2,0.0,0.0
flan_t5_large,factual_qa/Mercury_SC_407228,C3,0.0,0.0
flan_t5_large,factual_qa/Mercury_SC_407228,C4,0.0,0.0
flan_t5_large,factual_qa/Mercury_SC_407228,C5,1.0,0.0
flan_t5_large,factual_qa/Mercury_SC_407228,C6,0.3333333333333333,0.0
flan_t5_large,factual_qa/Mercury_SC_407228,C7,0.0,0.0
flan_t5_large,factual_qa/MCAS_2010_8_12015,C2,0.0,1.0
flan_t5_large,factual_qa/MCAS_2010_8_12015,C3,0.0,1.0
flan_t5_large,factual_qa/MCAS_2010_8_12015,C4,0.0,0.6666666666666666
flan_t5_large,factual_qa/MCAS_2010_8_12015,C5,0.0,0.0
flan_t5_large,factual_qa/MCAS_2010_8_12015,C6,0.0,0.0
flan_t5_large,factual_qa/MCAS_2010_8_12015,C7,0.0,0.0
flan_t5_large,factual_qa/Mercury_416651,C2,0.0,1.0
flan_t5_large,factual_qa/Mercury_416651,C3,0.0,1.0
flan_t5_large,factual_qa/Mercury_416651,C4,0.0,0.3333333333333333
flan_t5_large,factual_qa/Mercury_416651,C5,1.0,0.0
flan_t5_large,factual_qa/Mercury_416651,C6,0.0,0.0
flan_t5_large,factual_qa/Mercury_416651,C7,0.3333333333333333,0.0
flan_t5_large,factual_qa/Mercury_7182210,C2,0.0,0.0
flan_t5_large,factual_qa/Mercury_7182210,C3,0.0,0.0
flan_t5_large,factual_qa/Mercury_7182210,C4,0.0,0.0
flan_t5_large,factual_qa/Mercury_7182210,C5,1.0,0.0
flan_t5_large,factual_qa/Mercury_7182210,C6,1.0,0.0
flan_t5_large,factual_qa/Mercury_7182210,C7,0.0,0.0
flan_t5_large,factual_qa/Mercury_SC_400041,C2,0.0,1.0
flan_t5_large,factual_qa/Mercury_SC_400041,C3,0.0,1.0
flan_t5_large,factual_qa/Mercury_SC_400041,C4,0.0,1.0
flan_t5_large,factual_qa/Mercury_SC_400041,C5,1.0,0.0
flan_t5_large,factual_qa/Mercury_SC_400041,C6,0.0,0.0
flan_t5_large,factual_qa/Mercury_SC_400041,C7,0.3333333333333333,0.0
flan_t5_large,factual_qa/Mercury_7008593,C2,0.0,1.0
flan_t5_large,factual_qa/Mercury_7008593,C3,0.0,0.3333333333333333
flan_t5_large,factual_qa/Mercury_7008593,C4,0.0,1.0
flan_t5_large,factual_qa/Mercury_7008593,C5,0.0,0.0
flan_t5_large,factual_qa/Mercury_7008593,C6,1.0,0.0
flan_t5_large,factual_qa/Mercury_7008593,C7,0.0,0.0
flan_t5_large,factual_qa/MDSA_2009_8_29,C2,0.0,0.3333333333333333
flan_t5_large,factual_qa/MDSA_2009_8_29,C3,0.0,0.0
flan_t5_large,factual_qa/MDSA_2009_8_29,C4,0.0,0.3333333333333333
flan_t5_large,factual_qa/MDSA_2009_8_29,C5,1.0,0.0
flan_t5_large,factual_qa/MDSA_2009_8_29,C6,1.0,0.0
flan_t5_large,factual_qa/MDSA_2009_8_29,C7,0.0,0.0
flan_t5_large,factual_qa/Mercury_SC_401272,C2,0.0,0.0
flan_t5_large,factual_qa/Mercury_SC_401272,C3,0.0,0.0
flan_t5_large,factual_qa/Mercury_SC_401272,C4,0.0,0.0
flan_t5_large,factual_qa/Mercury_SC_401272,C5,1.0,0.0
flan_t5_large,factual_qa/Mercury_SC_401272,C6,1.0,0.0
flan_t5_large,factual_qa/Mercury_SC_401272,C7,0.0,0.0
flan_t5_large,factual_qa/Mercury_176855,C2,0.0,0.6666666666666666
flan_t5_large,factual_qa/Mercury_176855,C3,0.0,1.0
flan_t5_large,factual_qa/Mercury_176855,C4,0.0,0.3333333333333333
flan_t5_large,factual_qa/Mercury_176855,C5,0.0,0.0
flan_t5_large,factual_qa/Mercury_176855,C6,0.0,0.0
flan_t5_large,factual_qa/Mercury_176855,C7,0.0,0.0
flan_t5_large,factual_qa/NYSEDREGENTS_2010_4_9,C2,0.0,1.0
flan_t5_large,factual_qa/NYSEDREGENTS_2010_4_9,C3,0.0,0.6666666666666666
flan_t5_large,factual_qa/NYSEDREGENTS_2010_4_9,C4,0.0,0.6666666666666666
flan_t5_large,factual_qa/NYSEDREGENTS_2010_4_9,C5,1.0,0.0
flan_t5_large,factual_qa/NYSEDREGENTS_2010_4_9,C6,1.0,0.0
flan_t5_large,factual_qa/NYSEDREGENTS_2010_4_9,C7,0.0,0.0
flan_t5_large,factual_qa/Mercury_7271355,C2,0.0,1.0
flan_t5_large,factual_qa/Mercury_7271355,C3,0.0,0.0
flan_t5_large,factual_qa/Mercury_7271355,C4,0.0,0.3333333333333333
flan_t5_large,factual_qa/Mercury_7271355,C5,1.0,0.0
flan_t5_large,factual_qa/Mercury_7271355,C6,1.0,0.0
flan_t5_large,factual_qa/Mercury_7271355,C7,0.0,0.0
flan_t5_large,factual_qa/Mercury_SC_408629,C2,0.0,0.6666666666666666
flan_t5_large,factual_qa/Mercury_SC_408629,C3,0.0,1.0
flan_t5_large,factual_qa/Mercury_SC_408629,C4,0.0,0.6666666666666666
flan_t5_large,factual_qa/Mercury_SC_408629,C5,1.0,0.0
flan_t5_large,factual_qa/Mercury_SC_408629,C6,1.0,0.0
flan_t5_large,factual_qa/Mercury_SC_408629,C7,0.0,0.0
flan_t5_large,factual_qa/Mercury_7270270,C2,0.0,0.6666666666666666
flan_t5_large,factual_qa/Mercury_7270270,C3,0.0,0.3333333333333333
flan_t5_large,factual_qa/Mercury_7270270,C4,0.0,0.3333333333333333
flan_t5_large,factual_qa/Mercury_7270270,C5,1.0,0.0
flan_t5_large,factual_qa/Mercury_7270270,C6,0.0,0.0
flan_t5_large,factual_qa/Mercury_7270270,C7,0.3333333333333333,0.0
flan_t5_large,factual_qa/Mercury_SC_LBS10616,C2,0.0,0.6666666666666666
flan_t5_large,factual_qa/Mercury_SC_LBS10616,C3,0.0,0.3333333333333333
flan_t5_large,factual_qa/Mercury_SC_LBS10616,C4,0.0,0.0
flan_t5_large,factual_qa/Mercury_SC_LBS10616,C5,1.0,0.0
flan_t5_large,factual_qa/Mercury_SC_LBS10616,C6,1.0,0.0
flan_t5_large,factual_qa/Mercury_SC_LBS10616,C7,0.0,0.0
flan_t5_large,factual_qa/Mercury_7110968,C2,0.0,0.6666666666666666
flan_t5_large,factual_qa/Mercury_7110968,C3,0.0,0.0
flan_t5_large,factual_qa/Mercury_7110968,C4,0.0,0.3333333333333333
flan_t5_large,factual_qa/Mercury_7110968,C5,1.0,0.0
flan_t5_large,factual_qa/Mercury_7110968,C6,1.0,0.0
flan_t5_large,factual_qa/Mercury_7110968,C7,0.0,0.0
flan_t5_large,factual_qa/Mercury_7245123,C2,0.0,0.3333333333333333
flan_t5_large,factual_qa/Mercury_7245123,C3,0.0,0.3333333333333333
flan_t5_large,factual_qa/Mercury_7245123,C4,0.0,0.3333333333333333
flan_t5_large,factual_qa/Mercury_7245123,C5,1.0,0.0
flan_t5_large,factual_qa/Mercury_7245123,C6,1.0,0.0
flan_t5_large,factual_qa/Mercury_7245123,C7,0.0,0.0
flan_t5_large,factual_qa/VASoL_2009_5_12,C2,0.0,1.0
flan_t5_large,factual_qa/VASoL_2009_5_12,C3,0.0,1.0
flan_t5_large,factual_qa/VASoL_2009_5_12,C4,0.0,1.0
flan_t5_large,factual_qa/VASoL_2009_5_12,C5,0.6666666666666666,0.0
flan_t5_large,factual_qa/VASoL_2009_5_12,C6,1.0,0.0
flan_t5_large,factual_qa/VASoL_2009_5_12,C7,0.3333333333333333,0.0
flan_t5_large,factual_qa/Mercury_402501,C2,0.0,0.0
flan_t5_large,factual_qa/Mercury_402501,C3,0.0,0.0
flan_t5_large,factual_qa/Mercury_402501,C4,0.0,0.0
flan_t5_large,factual_qa/Mercury_402501,C5,1.0,0.0
flan_t5_large,factual_qa/Mercury_402501,C6,1.0,0.0
flan_t5_large,factual_qa/Mercury_402501,C7,0.0,0.0
flan_t5_large,factual_qa/Mercury_7009713,C2,0.0,1.0
flan_t5_large,factual_qa/Mercury_7009713,C3,0.0,0.0
flan_t5_large,factual_qa/Mercury_7009713,C4,0.0,0.0
flan_t5_large,factual_qa/Mercury_7009713,C5,1.0,0.0
flan_t5_large,factual_qa/Mercury_7009713,C6,1.0,0.0
flan_t5_large,factual_qa/Mercury_7009713,C7,0.0,0.0
flan_t5_large,factual_qa/Mercury_416502,C2,0.0,1.0
flan_t5_large,factual_qa/Mercury_416502,C3,0.0,1.0
flan_t5_large,factual_qa/Mercury_416502,C4,0.0,0.6666666666666666
flan_t5_large,factual_qa/Mercury_416502,C5,1.0,0.0
flan_t5_large,factual_qa/Mercury_416502,C6,0.0,0.0
flan_t5_large,factual_qa/Mercury_416502,C7,0.3333333333333333,0.0
flan_t5_large,factual_qa/Mercury_7092278,C2,0.0,0.0
flan_t5_large,factual_qa/Mercury_7092278,C3,0.0,0.0
flan_t5_large,factual_qa/Mercury_7092278,C4,0.0,0.0
flan_t5_large,factual_qa/Mercury_7092278,C5,1.0,0.0
flan_t5_large,factual_qa/Mercury_7092278,C6,1.0,0.0
flan_t5_large,factual_qa/Mercury_7092278,C7,0.3333333333333333,0.0
flan_t5_large,factual_qa/MDSA_2008_8_29,C2,0.0,0.6666666666666666
flan_t5_large,factual_qa/MDSA_2008_8_29,C3,0.0,0.0
flan_t5_large,factual_qa/MDSA_2008_8_29,C4,0.0,0.0
flan_t5_large,factual_qa/MDSA_2008_8_29,C5,1.0,0.0
flan_t5_large,factual_qa/MDSA_2008_8_29,C6,0.0,0.0
flan_t5_large,factual_qa/MDSA_2008_8_29,C7,0.3333333333333333,0.0
flan_t5_large,factual_qa/Mercury_7217980,C2,0.0,1.0
flan_t5_large,factual_qa/Mercury_7217980,C3,0.0,1.0
flan_t5_large,factual_qa/Mercury_7217980,C4,0.0,1.0
flan_t5_large,factual_qa/Mercury_7217980,C5,1.0,0.0
flan_t5_large,factual_qa/Mercury_7217980,C6,1.0,0.0
flan_t5_large,factual_qa/Mercury_7217980,C7,0.0,0.0
flan_t5_large,factual_qa/Mercury_SC_LBS10902,C2,0.0,0.6666666666666666
flan_t5_large,factual_qa/Mercury_SC_LBS10902,C3,0.0,1.0
flan_t5_large,factual_qa/Mercury_SC_LBS10902,C4,0.0,0.6666666666666666
flan_t5_large,factual_qa/Mercury_SC_LBS10902,C5,1.0,0.0
flan_t5_large,factual_qa/Mercury_SC_LBS10902,C6,0.0,0.0
flan_t5_large,factual_qa/Mercury_SC_LBS10902,C7,0.3333333333333333,0.0
flan_t5_large,factual_qa/Mercury_180828,C2,0.0,0.0
flan_t5_large,factual_qa/Mercury_180828,C3,0.0,0.0
flan_t5_large,factual_qa/Mercury_180828,C4,0.0,0.0
flan_t5_large,factual_qa/Mercury_180828,C5,1.0,0.0
flan_t5_large,factual_qa/Mercury_180828,C6,1.0,0.0
flan_t5_large,factual_qa/Mercury_180828,C7,0.0,0.0
flan_t5_large,factual_qa/Mercury_7111125,C2,0.0,0.0
flan_t5_large,factual_qa/Mercury_7111125,C3,0.0,0.0
flan_t5_large,factual_qa/Mercury_7111125,C4,0.0,0.0
flan_t5_large,factual_qa/Mercury_7111125,C5,1.0,0.0
flan_t5_large,factual_qa/Mercury_7111125,C6,1.0,0.0
flan_t5_large,factual_qa/Mercury_7111125,C7,0.0,0.0
flan_t5_large,factual_qa/Mercury_SC_401587,C2,0.0,0.0
flan_t5_large,factual_qa/Mercury_SC_401587,C3,0.0,0.0
flan_t5_large,factual_qa/Mercury_SC_401587,C4,0.0,0.3333333333333333
flan_t5_large,factual_qa/Mercury_SC_401587,C5,1.0,0.0
flan_t5_large,factual_qa/Mercury_SC_401587,C6,1.0,0.0
flan_t5_large,factual_qa/Mercury_SC_401587,C7,0.0,0.0
flan_t5_large,factual_qa/Mercury_SC_413242,C2,0.0,1.0
flan_t5_large,factual_qa/Mercury_SC_413242,C3,0.0,0.3333333333333333
flan_t5_large,factual_qa/Mercury_SC_413242,C4,0.0,0.0
flan_t5_large,factual_qa/Mercury_SC_413242,C5,1.0,0.0
flan_t5_large,factual_qa/Mercury_SC_413242,C6,1.0,0.0
flan_t5_large,factual_qa/Mercury_SC_413242,C7,0.0,0.0
flan_t5_large,factual_qa/Mercury_7001295,C2,0.0,0.3333333333333333
flan_t5_large,factual_qa/Mercury_7001295,C3,0.0,0.6666666666666666
flan_t5_large,factual_qa/Mercury_7001295,C4,0.0,0.0
flan_t5_large,factual_qa/Mercury_7001295,C5,1.0,0.0
flan_t5_large,factual_qa/Mercury_7001295,C6,1.0,0.0
flan_t5_large,factual_qa/Mercury_7001295,C7,0.0,0.0
flan_t5_large,factual_qa/ACTAAP_2014_7_4,C2,0.0,0.3333333333333333
flan_t5_large,factual_qa/ACTAAP_2014_7_4,C3,0.0,0.0
flan_t5_large,factual_qa/ACTAAP_2014_7_4,C4,0.0,0.0
flan_t5_large,factual_qa/ACTAAP_2014_7_4,C5,1.0,0.0
flan_t5_large,factual_qa/ACTAAP_2014_7_4,C6,1.0,0.0
flan_t5_large,factual_qa/ACTAAP_2014_7_4,C7,0.0,0.0
flan_t5_large,factual_qa/Mercury_7018270,C2,0.0,0.3333333333333333
flan_t5_large,factual_qa/Mercury_7018270,C3,0.0,1.0
flan_t5_large,factual_qa/Mercury_7018270,C4,0.0,0.6666666666666666
flan_t5_large,factual_qa/Mercury_7018270,C5,1.0,0.0
flan_t5_large,factual_qa/Mercury_7018270,C6,1.0,0.0
flan_t5_large,factual_qa/Mercury_7018270,C7,0.0,0.0
flan_t5_large,factual_qa/Mercury_SC_406000,C2,0.0,0.0
flan_t5_large,factual_qa/Mercury_SC_406000,C3,0.0,0.0
flan_t5_large,factual_qa/Mercury_SC_406000,C4,0.0,0.0
flan_t5_large,factual_qa/Mercury_SC_406000,C5,1.0,0.0
flan_t5_large,factual_qa/Mercury_SC_406000,C6,0.0,0.0
flan_t5_large,factual_qa/Mercury_SC_406000,C7,0.0,0.0
flan_t5_large,factual_qa/Mercury_SC_400604,C2,0.0,0.3333333333333333
flan_t5_large,factual_qa/Mercury_SC_400604,C3,0.0,0.0
flan_t5_large,factual_qa/Mercury_SC_400604,C4,0.0,0.0
flan_t5_large,factual_qa/Mercury_SC_400604,C5,1.0,0.0
flan_t5_large,factual_qa/Mercury_SC_400604,C6,0.3333333333333333,0.0
flan_t5_large,factual_qa/Mercury_SC_400604,C7,0.0,0.0
flan_t5_large,factual_qa/NYSEDREGENTS_2008_8_36,C2,0.0,0.3333333333333333
flan_t5_large,factual_qa/NYSEDREGENTS_2008_8_36,C3,0.0,0.0
flan_t5_large,factual_qa/NYSEDREGENTS_2008_8_36,C4,0.0,0.0
flan_t5_large,factual_qa/NYSEDREGENTS_2008_8_36,C5,1.0,0.0
flan_t5_large,factual_qa/NYSEDREGENTS_2008_8_36,C6,1.0,0.0
flan_t5_large,factual_qa/NYSEDREGENTS_2008_8_36,C7,0.0,0.0
flan_t5_large,factual_qa/FCAT_2008_5_1,C2,0.0,0.3333333333333333
flan_t5_large,factual_qa/FCAT_2008_5_1,C3,0.0,0.0
flan_t5_large,factual_qa/FCAT_2008_5_1,C4,0.0,0.0
flan_t5_large,factual_qa/FCAT_2008_5_1,C5,1.0,0.0
flan_t5_large,factual_qa/FCAT_2008_5_1,C6,1.0,0.0
flan_t5_large,factual_qa/FCAT_2008_5_1,C7,0.3333333333333333,0.0
flan_t5_large,factual_qa/MCAS_2005_5_34,C2,0.0,0.0
flan_t5_large,factual_qa/MCAS_2005_5_34,C3,0.0,0.6666666666666666
flan_t5_large,factual_qa/MCAS_2005_5_34,C4,0.0,0.0
flan_t5_large,factual_qa/MCAS_2005_5_34,C5,1.0,0.0
flan_t5_large,factual_qa/MCAS_2005_5_34,C6,1.0,0.0
flan_t5_large,factual_qa/MCAS_2005_5_34,C7,0.0,0.0
flan_t5_large,factual_qa/Mercury_7284008,C2,0.0,1.0
flan_t5_large,factual_qa/Mercury_7284008,C3,0.0,1.0
flan_t5_large,factual_qa/Mercury_7284008,C4,0.0,1.0
flan_t5_large,factual_qa/Mercury_7284008,C5,0.0,0.0
flan_t5_large,factual_qa/Mercury_7284008,C6,0.0,0.0
flan_t5_large,factual_qa/Mercury_7284008,C7,0.6666666666666666,0.0
flan_t5_large,factual_qa/Mercury_7103600,C2,0.0,1.0
flan_t5_large,factual_qa/Mercury_7103600,C3,0.0,1.0
flan_t5_large,factual_qa/Mercury_7103600,C4,0.0,0.3333333333333333
flan_t5_large,factual_qa/Mercury_7103600,C5,1.0,0.0
flan_t5_large,factual_qa/Mercury_7103600,C6,1.0,0.0
flan_t5_large,factual_qa/Mercury_7103600,C7,0.0,0.0
flan_t5_large,factual_qa/Mercury_186568,C2,0.0,0.3333333333333333
flan_t5_large,factual_qa/Mercury_186568,C3,0.0,0.6666666666666666
flan_t5_large,factual_qa/Mercury_186568,C4,0.0,0.3333333333333333
flan_t5_large,factual_qa/Mercury_186568,C5,1.0,0.0
flan_t5_large,factual_qa/Mercury_186568,C6,1.0,0.0
flan_t5_large,factual_qa/Mercury_186568,C7,0.0,0.0
flan_t5_large,factual_qa/ACTAAP_2011_5_13,C2,0.0,0.6666666666666666
flan_t5_large,factual_qa/ACTAAP_2011_5_13,C3,0.0,0.0
flan_t5_large,factual_qa/ACTAAP_2011_5_13,C4,0.0,0.3333333333333333
flan_t5_large,factual_qa/ACTAAP_2011_5_13,C5,1.0,0.0
flan_t5_large,factual_qa/ACTAAP_2011_5_13,C6,1.0,0.0
flan_t5_large,factual_qa/ACTAAP_2011_5_13,C7,0.0,0.0
flan_t5_large,factual_qa/Mercury_406427,C2,0.0,0.0
flan_t5_large,factual_qa/Mercury_406427,C3,0.0,0.3333333333333333
flan_t5_large,factual_qa/Mercury_406427,C4,0.0,0.3333333333333333
flan_t5_large,factual_qa/Mercury_406427,C5,1.0,0.0
flan_t5_large,factual_qa/Mercury_406427,C6,1.0,0.0
flan_t5_large,factual_qa/Mercury_406427,C7,0.0,0.0
flan_t5_large,factual_qa/Mercury_7263428,C2,0.0,1.0
flan_t5_large,factual_qa/Mercury_7263428,C3,0.0,1.0
flan_t5_large,factual_qa/Mercury_7263428,C4,0.0,1.0
flan_t5_large,factual_qa/Mercury_7263428,C5,0.0,0.0
flan_t5_large,factual_qa/Mercury_7263428,C6,0.3333333333333333,0.0
flan_t5_large,factual_qa/Mercury_7263428,C7,0.0,0.0
flan_t5_large,factual_qa/OHAT_2009_5_42,C2,0.0,0.3333333333333333
flan_t5_large,factual_qa/OHAT_2009_5_42,C3,0.0,0.3333333333333333
flan_t5_large,factual_qa/OHAT_2009_5_42,C4,0.0,0.3333333333333333
flan_t5_large,factual_qa/OHAT_2009_5_42,C5,1.0,0.0
flan_t5_large,factual_qa/OHAT_2009_5_42,C6,1.0,0.0
flan_t5_large,factual_qa/OHAT_2009_5_42,C7,0.0,0.0
flan_t5_large,factual_qa/Mercury_7106698,C2,0.0,1.0
flan_t5_large,factual_qa/Mercury_7106698,C3,0.0,0.0
flan_t5_large,factual_qa/Mercury_7106698,C4,0.0,0.3333333333333333
flan_t5_large,factual_qa/Mercury_7106698,C5,1.0,0.0
flan_t5_large,factual_qa/Mercury_7106698,C6,0.0,0.0
flan_t5_large,factual_qa/Mercury_7106698,C7,0.0,0.0
flan_t5_large,factual_qa/Mercury_405143,C2,0.0,0.6666666666666666
flan_t5_large,factual_qa/Mercury_405143,C3,0.0,0.6666666666666666
flan_t5_large,factual_qa/Mercury_405143,C4,0.0,0.0
flan_t5_large,factual_qa/Mercury_405143,C5,1.0,0.0
flan_t5_large,factual_qa/Mercury_405143,C6,1.0,0.0
flan_t5_large,factual_qa/Mercury_405143,C7,0.0,0.0
flan_t5_large,factual_qa/Mercury_184328,C2,0.0,0.6666666666666666
flan_t5_large,factual_qa/Mercury_184328,C3,0.0,1.0
flan_t5_large,factual_qa/Mercury_184328,C4,0.0,0.6666666666666666
flan_t5_large,factual_qa/Mercury_184328,C5,1.0,0.0
flan_t5_large,factual_qa/Mercury_184328,C6,0.0,0.0
flan_t5_large,factual_qa/Mercury_184328,C7,0.0,0.0
flan_t5_large,factual_qa/Mercury_7018533,C2,0.0,0.6666666666666666
flan_t5_large,factual_qa/Mercury_7018533,C3,0.0,1.0
flan_t5_large,factual_qa/Mercury_7018533,C4,0.0,0.6666666666666666
flan_t5_large,factual_qa/Mercury_7018533,C5,0.0,0.0
flan_t5_large,factual_qa/Mercury_7018533,C6,0.0,0.0
flan_t5_large,factual_qa/Mercury_7018533,C7,0.0,0.0
flan_t5_large,factual_qa/Mercury_SC_409577,C2,0.0,0.6666666666666666
flan_t5_large,factual_qa/Mercury_SC_409577,C3,0.0,0.3333333333333333
flan_t5_large,factual_qa/Mercury_SC_409577,C4,0.0,0.3333333333333333
flan_t5_large,factual_qa/Mercury_SC_409577,C5,1.0,0.0
flan_t5_large,factual_qa/Mercury_SC_409577,C6,1.0,0.0
flan_t5_large,factual_qa/Mercury_SC_409577,C7,0.0,0.0
flan_t5_large,factual_qa/Mercury_7236320,C2,0.0,0.3333333333333333
flan_t5_large,factual_qa/Mercury_7236320,C3,0.0,0.6666666666666666
flan_t5_large,factual_qa/Mercury_7236320,C4,0.0,0.3333333333333333
flan_t5_large,factual_qa/Mercury_7236320,C5,1.0,0.0
flan_t5_large,factual_qa/Mercury_7236320,C6,0.0,0.0
flan_t5_large,factual_qa/Mercury_7236320,C7,0.0,0.0
flan_t5_large,factual_qa/Mercury_184730,C2,0.0,0.6666666666666666
flan_t5_large,factual_qa/Mercury_184730,C3,0.0,0.6666666666666666
flan_t5_large,factual_qa/Mercury_184730,C4,0.0,0.3333333333333333
flan_t5_large,factual_qa/Mercury_184730,C5,1.0,0.0
flan_t5_large,factual_qa/Mercury_184730,C6,1.0,0.0
flan_t5_large,factual_qa/Mercury_184730,C7,0.0,0.0
flan_t5_large,factual_qa/Mercury_SC_400603,C2,0.0,1.0
flan_t5_large,factual_qa/Mercury_SC_400603,C3,0.0,1.0
flan_t5_large,factual_qa/Mercury_SC_400603,C4,0.0,1.0
flan_t5_large,factual_qa/Mercury_SC_400603,C5,1.0,0.0
flan_t5_large,factual_qa/Mercury_SC_400603,C6,1.0,0.0
flan_t5_large,factual_qa/Mercury_SC_400603,C7,0.0,0.0
flan_t5_large,factual_qa/Mercury_SC_405784,C2,0.0,1.0
flan_t5_large,factual_qa/Mercury_SC_405784,C3,0.0,1.0
flan_t5_large,factual_qa/Mercury_SC_405784,C4,0.0,1.0
flan_t5_large,factual_qa/Mercury_SC_405784,C5,1.0,0.0
flan_t5_large,factual_qa/Mercury_SC_405784,C6,0.0,0.0
flan_t5_large,factual_qa/Mercury_SC_405784,C7,0.0,0.0
flan_t5_large,factual_qa/Mercury_7168140,C2,0.0,1.0
flan_t5_large,factual_qa/Mercury_7168140,C3,0.0,1.0
flan_t5_large,factual_qa/Mercury_7168140,C4,0.0,0.3333333333333333
flan_t5_large,factual_qa/Mercury_7168140,C5,1.0,0.0
flan_t5_large,factual_qa/Mercury_7168140,C6,0.0,0.0
flan_t5_large,factual_qa/Mercury_7168140,C7,0.3333333333333333,0.0
flan_t5_large,factual_qa/Mercury_7186130,C2,0.0,0.6666666666666666
flan_t5_large,factual_qa/Mercury_7186130,C3,0.0,0.3333333333333333
flan_t5_large,factual_qa/Mercury_7186130,C4,0.0,0.3333333333333333
flan_t5_large,factual_qa/Mercury_7186130,C5,1.0,0.0
flan_t5_large,factual_qa/Mercury_7186130,C6,0.0,0.0
flan_t5_large,factual_qa/Mercury_7186130,C7,0.0,0.0
flan_t5_large,factual_qa/AKDE&ED_2012_8_48,C2,0.0,0.0
flan_t5_large,factual_qa/AKDE&ED_2012_8_48,C3,0.0,1.0
flan_t5_large,factual_qa/AKDE&ED_2012_8_48,C4,0.0,0.6666666666666666
flan_t5_large,factual_qa/AKDE&ED_2012_8_48,C5,1.0,0.0
flan_t5_large,factual_qa/AKDE&ED_2012_8_48,C6,0.3333333333333333,0.0
flan_t5_large,factual_qa/AKDE&ED_2012_8_48,C7,0.0,0.0
flan_t5_large,factual_qa/MCAS_2006_8_25,C2,0.0,0.6666666666666666
flan_t5_large,factual_qa/MCAS_2006_8_25,C3,0.0,0.0
flan_t5_large,factual_qa/MCAS_2006_8_25,C4,0.0,0.0
flan_t5_large,factual_qa/MCAS_2006_8_25,C5,1.0,0.0
flan_t5_large,factual_qa/MCAS_2006_8_25,C6,0.3333333333333333,0.0
flan_t5_large,factual_qa/MCAS_2006_8_25,C7,0.0,0.0
flan_t5_large,factual_qa/Mercury_SC_400376,C2,0.0,0.0
flan_t5_large,factual_qa/Mercury_SC_400376,C3,0.0,0.6666666666666666
flan_t5_large,factual_qa/Mercury_SC_400376,C4,0.0,0.0
flan_t5_large,factual_qa/Mercury_SC_400376,C5,1.0,0.0
flan_t5_large,factual_qa/Mercury_SC_400376,C6,1.0,0.0
flan_t5_large,factual_qa/Mercury_SC_400376,C7,0.0,0.0
flan_t5_large,factual_qa/Mercury_SC_416136,C2,0.0,0.0
flan_t5_large,factual_qa/Mercury_SC_416136,C3,0.0,0.0
flan_t5_large,factual_qa/Mercury_SC_416136,C4,0.0,0.0
flan_t5_large,factual_qa/Mercury_SC_416136,C5,1.0,0.0
flan_t5_large,factual_qa/Mercury_SC_416136,C6,1.0,0.0
flan_t5_large,factual_qa/Mercury_SC_416136,C7,0.0,0.0
flan_t5_large,factual_qa/AKDE&ED_2008_8_7,C2,0.0,0.0
flan_t5_large,factual_qa/AKDE&ED_2008_8_7,C3,0.0,0.0
flan_t5_large,factual_qa/AKDE&ED_2008_8_7,C4,0.0,0.0
flan_t5_large,factual_qa/AKDE&ED_2008_8_7,C5,1.0,0.0
flan_t5_large,factual_qa/AKDE&ED_2008_8_7,C6,1.0,0.0
flan_t5_large,factual_qa/AKDE&ED_2008_8_7,C7,0.3333333333333333,0.0
flan_t5_large,factual_qa/Mercury_7137078,C2,0.0,0.0
flan_t5_large,factual_qa/Mercury_7137078,C3,0.0,0.3333333333333333
flan_t5_large,factual_qa/Mercury_7137078,C4,0.0,0.0
flan_t5_large,factual_qa/Mercury_7137078,C5,1.0,0.0
flan_t5_large,factual_qa/Mercury_7137078,C6,1.0,0.0
flan_t5_large,factual_qa/Mercury_7137078,C7,0.0,0.0
flan_t5_large,factual_qa/MEA_2010_8_2,C2,0.0,0.0
flan_t5_large,factual_qa/MEA_2010_8_2,C3,0.0,0.0
flan_t5_large,factual_qa/MEA_2010_8_2,C4,0.0,0.0
flan_t5_large,factual_qa/MEA_2010_8_2,C5,1.0,0.0
flan_t5_large,factual_qa/MEA_2010_8_2,C6,1.0,0.0
flan_t5_large,factual_qa/MEA_2010_8_2,C7,0.0,0.0
flan_t5_large,factual_qa/Mercury_407661,C2,0.0,1.0
flan_t5_large,factual_qa/Mercury_407661,C3,0.0,1.0
flan_t5_large,factual_qa/Mercury_407661,C4,0.0,1.0
flan_t5_large,factual_qa/Mercury_407661,C5,1.0,0.0
flan_t5_large,factual_qa/Mercury_407661,C6,0.3333333333333333,0.0
flan_t5_large,factual_qa/Mercury_407661,C7,0.3333333333333333,0.0
flan_t5_large,factual_qa/MEA_2016_8_19,C2,0.0,0.6666666666666666
flan_t5_large,factual_qa/MEA_2016_8_19,C3,0.0,1.0
flan_t5_large,factual_qa/MEA_2016_8_19,C4,0.0,0.6666666666666666
flan_t5_large,factual_qa/MEA_2016_8_19,C5,0.3333333333333333,0.0
flan_t5_large,factual_qa/MEA_2016_8_19,C6,1.0,0.0
flan_t5_large,factual_qa/MEA_2016_8_19,C7,0.0,0.0
flan_t5_large,factual_qa/Mercury_7016415,C2,0.0,0.0
flan_t5_large,factual_qa/Mercury_7016415,C3,0.0,0.3333333333333333
flan_t5_large,factual_qa/Mercury_7016415,C4,0.0,0.3333333333333333
flan_t5_large,factual_qa/Mercury_7016415,C5,1.0,0.0
flan_t5_large,factual_qa/Mercury_7016415,C6,1.0,0.0
flan_t5_large,factual_qa/Mercury_7016415,C7,0.0,0.0
flan_t5_large,factual_qa/Mercury_415082,C2,0.0,0.0
flan_t5_large,factual_qa/Mercury_415082,C3,0.0,0.0
flan_t5_large,factual_qa/Mercury_415082,C4,0.0,0.0
flan_t5_large,factual_qa/Mercury_415082,C5,1.0,0.0
flan_t5_large,factual_qa/Mercury_415082,C6,1.0,0.0
flan_t5_large,factual_qa/Mercury_415082,C7,0.0,0.0
flan_t5_large,factual_qa/Mercury_SC_400523,C2,0.0,1.0
flan_t5_large,factual_qa/Mercury_SC_400523,C3,0.0,0.0
flan_t5_large,factual_qa/Mercury_SC_400523,C4,0.0,0.0
flan_t5_large,factual_qa/Mercury_SC_400523,C5,1.0,0.0
flan_t5_large,factual_qa/Mercury_SC_400523,C6,0.0,0.0
flan_t5_large,factual_qa/Mercury_SC_400523,C7,0.3333333333333333,0.0
flan_t5_large,factual_qa/MCAS_1998_8_12,C2,0.0,0.3333333333333333
flan_t5_large,factual_qa/MCAS_1998_8_12,C3,0.0,0.0
flan_t5_large,factual_qa/MCAS_1998_8_12,C4,0.0,0.0
flan_t5_large,factual_qa/MCAS_1998_8_12,C5,1.0,0.0
flan_t5_large,factual_qa/MCAS_1998_8_12,C6,1.0,0.0
flan_t5_large,factual_qa/MCAS_1998_8_12,C7,0.0,0.0
flan_t5_large,factual_qa/Mercury_416593,C2,0.0,0.3333333333333333
flan_t5_large,factual_qa/Mercury_416593,C3,0.0,0.0
flan_t5_large,factual_qa/Mercury_416593,C4,0.0,0.0
flan_t5_large,factual_qa/Mercury_416593,C5,1.0,0.0
flan_t5_large,factual_qa/Mercury_416593,C6,1.0,0.0
flan_t5_large,factual_qa/Mercury_416593,C7,0.0,0.0
flan_t5_large,factual_qa/AKDE&ED_2008_8_20,C2,0.0,0.0
flan_t5_large,factual_qa/AKDE&ED_2008_8_20,C3,0.0,0.3333333333333333
flan_t5_large,factual_qa/AKDE&ED_2008_8_20,C4,0.0,0.0
flan_t5_large,factual_qa/AKDE&ED_2008_8_20,C5,1.0,0.0
flan_t5_large,factual_qa/AKDE&ED_2008_8_20,C6,0.6666666666666666,0.0
flan_t5_large,factual_qa/AKDE&ED_2008_8_20,C7,0.0,0.0
flan_t5_large,factual_qa/TIMSS_2011_4_pg27,C2,0.0,0.3333333333333333
flan_t5_large,factual_qa/TIMSS_2011_4_pg27,C3,0.0,0.3333333333333333
flan_t5_large,factual_qa/TIMSS_2011_4_pg27,C4,0.0,0.6666666666666666
flan_t5_large,factual_qa/TIMSS_2011_4_pg27,C5,1.0,0.0
flan_t5_large,factual_qa/TIMSS_2011_4_pg27,C6,1.0,0.0
flan_t5_large,factual_qa/TIMSS_2011_4_pg27,C7,0.0,0.0
flan_t5_large,factual_qa/Mercury_7161298,C2,0.0,0.3333333333333333
flan_t5_large,factual_qa/Mercury_7161298,C3,0.0,0.6666666666666666
flan_t5_large,factual_qa/Mercury_7161298,C4,0.0,0.3333333333333333
flan_t5_large,factual_qa/Mercury_7161298,C5,1.0,0.0
flan_t5_large,factual_qa/Mercury_7161298,C6,0.6666666666666666,0.0
flan_t5_large,factual_qa/Mercury_7161298,C7,0.3333333333333333,0.0
flan_t5_large,factual_qa/MSA_2015_8_30,C2,0.0,0.3333333333333333
flan_t5_large,factual_qa/MSA_2015_8_30,C3,0.0,0.0
flan_t5_large,factual_qa/MSA_2015_8_30,C4,0.0,0.0
flan_t5_large,factual_qa/MSA_2015_8_30,C5,1.0,0.0
flan_t5_large,factual_qa/MSA_2015_8_30,C6,1.0,0.0
flan_t5_large,factual_qa/MSA_2015_8_30,C7,0.0,0.0
flan_t5_large,factual_qa/Mercury_SC_401817,C2,0.0,0.3333333333333333
flan_t5_large,factual_qa/Mercury_SC_401817,C3,0.0,0.0
flan_t5_large,factual_qa/Mercury_SC_401817,C4,0.0,0.3333333333333333
flan_t5_large,factual_qa/Mercury_SC_401817,C5,1.0,0.0
flan_t5_large,factual_qa/Mercury_SC_401817,C6,1.0,0.0
flan_t5_large,factual_qa/Mercury_SC_401817,C7,0.3333333333333333,0.0
flan_t5_large,factual_qa/Mercury_7017728,C2,0.0,1.0
flan_t5_large,factual_qa/Mercury_7017728,C3,0.0,0.3333333333333333
flan_t5_large,factual_qa/Mercury_7017728,C4,0.0,0.3333333333333333
flan_t5_large,factual_qa/Mercury_7017728,C5,1.0,0.0
flan_t5_large,factual_qa/Mercury_7017728,C6,0.3333333333333333,0.0
flan_t5_large,factual_qa/Mercury_7017728,C7,0.3333333333333333,0.0
